content,class
为了保障网络安全，维护网络空间主权和国家安全、社会公共利益，保护公民、法人和其他组织的合法权益，促进经济社会信息化健康发展，制定本法。,法规目的
在中华人民共和国境内建设、运营、维护和使用网络，以及网络安全的监督管理，适用本法。,职责区分
国家坚持网络安全与信息化发展并重，遵循积极利用、科学发展、依法管理、确保安全的方针，推进网络基础设施建设和互联互通，鼓励网络技术创新和应用，支持培养网络安全人才，建立健全网络安全保障体系，提高网络安全保护能力。,法规倡议
国家制定并不断完善网络安全战略，明确保障网络安全的基本要求和主要目标，提出重点领域的网络安全政策、工作任务和措施。,法规倡议
国家采取措施，监测、防御、处置来源于中华人民共和国境内外的网络安全风险和威胁，保护关键信息基础设施免受攻击、侵入、干扰和破坏，依法惩治网络违法犯罪活动，维护网络空间安全和秩序。,职责区分
国家倡导诚实守信、健康文明的网络行为，推动传播社会主义核心价值观，采取措施提高全社会的网络安全意识和水平，形成全社会共同参与促进网络安全的良好环境。,法规倡议
国家积极开展网络空间治理、网络技术研发和标准制定、打击网络违法犯罪等方面的国际交流与合作，推动构建和平、安全、开放、合作的网络空间，建立多边、民主、透明的网络治理体系。,法规倡议
国家网信部门负责统筹协调网络安全工作和相关监督管理工作。国务院电信主管部门、公安部门和其他有关机关依照本法和有关法律、行政法规的规定，在各自职责范围内负责网络安全保护和监督管理工作。县级以上地方人民政府有关部门的网络安全保护和监督管理职责，按照国家有关规定确定。,职责区分
网络运营者开展经营和服务活动，必须遵守法律、行政法规，尊重社会公德，遵守商业道德，诚实信用，履行网络安全保护义务，接受政府和社会的监督，承担社会责任。,运营者要求
建设、运营网络或者通过网络提供服务，应当依照法律、行政法规的规定和国家标准的强制性要求，采取技术措施和其他必要措施，保障网络安全、稳定运行，有效应对网络安全事件，防范网络违法犯罪活动，维护网络数据的完整性、保密性和可用性。,运营者要求
网络相关行业组织按照章程，加强行业自律，制定网络安全行为规范，指导会员加强网络安全保护，提高网络安全保护水平，促进行业健康发展。,法规倡议
国家保护公民、法人和其他组织依法使用网络的权利，促进网络接入普及，提升网络服务水平，为社会提供安全、便利的网络服务，保障网络信息依法有序自由流动。任何个人和组织使用网络应当遵守宪法法律，遵守公共秩序，尊重社会公德，不得危害网络安全，不得利用网络从事危害国家安全、荣誉和利益，煽动颠覆国家政权、推翻社会主义制度，煽动分裂国家、破坏国家统一，宣扬恐怖主义、极端主义，宣扬民族仇恨、民族歧视，传播暴力、淫秽色情信息，编造、传播虚假信息扰乱经济秩序和社会秩序，以及侵害他人名誉、隐私、知识产权和其他合法权益等活动。,使用者要求
国家支持研究开发有利于未成年人健康成长的网络产品和服务，依法惩治利用网络从事危害未成年人身心健康的活动，为未成年人提供安全、健康的网络环境。,法规倡议
任何个人和组织有权对危害网络安全的行为向网信、电信、公安等部门举报。收到举报的部门应当及时依法作出处理；不属于本部门职责的，应当及时移送有权处理的部门。有关部门应当对举报人的相关信息予以保密，保护举报人的合法权益。,职责区分
国家建立和完善网络安全标准体系。国务院标准化行政主管部门和国务院其他有关部门根据各自的职责，组织制定并适时修订有关网络安全管理以及网络产品、服务和运行安全的国家标准、行业标准。国家支持企业、研究机构、高等学校、网络相关行业组织参与网络安全国家标准、行业标准的制定。,职责区分
国务院和省、自治区、直辖市人民政府应当统筹规划，加大投入，扶持重点网络安全技术产业和项目，支持网络安全技术的研究开发和应用，推广安全可信的网络产品和服务，保护网络技术知识产权，支持企业、研究机构和高等学校等参与国家网络安全技术创新项目。,职责区分
国家推进网络安全社会化服务体系建设，鼓励有关企业、机构开展网络安全认证、检测和风险评估等安全服务。,法规倡议
国家鼓励开发网络数据安全保护和利用技术，促进公共数据资源开放，推动技术创新和经济社会发展。国家支持创新网络安全管理方式，运用网络新技术，提升网络安全保护水平。,法规倡议
各级人民政府及其有关部门应当组织开展经常性的网络安全宣传教育，并指导、督促有关单位做好网络安全宣传教育工作。大众传播媒介应当有针对性地面向社会进行网络安全宣传教育。,职责区分
国家支持企业和高等学校、职业学校等教育培训机构开展网络安全相关教育与培训，采取多种方式培养网络安全人才，促进网络安全人才交流。,法规倡议
"国家实行网络安全等级保护制度。网络运营者应当按照网络安全等级保护制度的要求，履行下列安全保护义务，保障网络免受干扰、破坏或者未经授权的访问，防止网络数据泄露或者被窃取、篡改：（一）制定内部安全管理制度和操作规程，确定网络安全负责人，落实网络安全保护责任；
　　（二）采取防范计算机病毒和网络攻击、网络侵入等危害网络安全行为的技术措施；
　　（三）采取监测、记录网络运行状态、网络安全事件的技术措施，并按照规定留存相关的网络日志不少于六个月；
　　（四）采取数据分类、重要数据备份和加密等措施；
　　（五）法律、行政法规规定的其他义务。",运营者要求
"网络产品、服务应当符合相关国家标准的强制性要求。网络产品、服务的提供者不得设置恶意程序；发现其网络产品、服务存在安全缺陷、漏洞等风险时，应当立即采取补救措施，按照规定及时告知用户并向有关主管部门报告。
　　网络产品、服务的提供者应当为其产品、服务持续提供安全维护；在规定或者当事人约定的期限内，不得终止提供安全维护。
　　网络产品、服务具有收集用户信息功能的，其提供者应当向用户明示并取得同意；涉及用户个人信息的，还应当遵守本法和有关法律、行政法规关于个人信息保护的规定。",运营者要求
网络关键设备和网络安全专用产品应当按照相关国家标准的强制性要求，由具备资格的机构安全认证合格或者安全检测符合要求后，方可销售或者提供。国家网信部门会同国务院有关部门制定、公布网络关键设备和网络安全专用产品目录，并推动安全认证和安全检测结果互认，避免重复认证、检测。,职责区分
"网络运营者为用户办理网络接入、域名注册服务，办理固定电话、移动电话等入网手续，或者为用户提供信息发布、即时通讯等服务，在与用户签订协议或者确认提供服务时，应当要求用户提供真实身份信息。用户不提供真实身份信息的，网络运营者不得为其提供相关服务。
　　国家实施网络可信身份战略，支持研究开发安全、方便的电子身份认证技术，推动不同电子身份认证之间的互认。",运营者要求
网络运营者应当制定网络安全事件应急预案，及时处置系统漏洞、计算机病毒、网络攻击、网络侵入等安全风险；在发生危害网络安全的事件时，立即启动应急预案，采取相应的补救措施，并按照规定向有关主管部门报告。,运营者要求
开展网络安全认证、检测、风险评估等活动，向社会发布系统漏洞、计算机病毒、网络攻击、网络侵入等网络安全信息，应当遵守国家有关规定。,运营者要求
任何个人和组织不得从事非法侵入他人网络、干扰他人网络正常功能、窃取网络数据等危害网络安全的活动；不得提供专门用于从事侵入网络、干扰网络正常功能及防护措施、窃取网络数据等危害网络安全活动的程序、工具；明知他人从事危害网络安全的活动的，不得为其提供技术支持、广告推广、支付结算等帮助。,使用者要求
网络运营者应当为公安机关、国家安全机关依法维护国家安全和侦查犯罪的活动提供技术支持和协助。,运营者要求
"国家支持网络运营者之间在网络安全信息收集、分析、通报和应急处置等方面进行合作，提高网络运营者的安全保障能力。
　　有关行业组织建立健全本行业的网络安全保护规范和协作机制，加强对网络安全风险的分析评估，定期向会员进行风险警示，支持、协助会员应对网络安全风险。",运营者要求
网信部门和有关部门在履行网络安全保护职责中获取的信息，只能用于维护网络安全的需要，不得用于其他用途。,职责区分
"国家对公共通信和信息服务、能源、交通、水利、金融、公共服务、电子政务等重要行业和领域，以及其他一旦遭到破坏、丧失功能或者数据泄露，可能严重危害国家安全、国计民生、公共利益的关键信息基础设施，在网络安全等级保护制度的基础上，实行重点保护。关键信息基础设施的具体范围和安全保护办法由国务院制定。
　　国家鼓励关键信息基础设施以外的网络运营者自愿参与关键信息基础设施保护体系。",职责区分
按照国务院规定的职责分工，负责关键信息基础设施安全保护工作的部门分别编制并组织实施本行业、本领域的关键信息基础设施安全规划，指导和监督关键信息基础设施运行安全保护工作。,职责区分
建设关键信息基础设施应当确保其具有支持业务稳定、持续运行的性能，并保证安全技术措施同步规划、同步建设、同步使用。,职责区分
"除本法第二十一条的规定外，关键信息基础设施的运营者还应当履行下列安全保护义务：
　　（一）设置专门安全管理机构和安全管理负责人，并对该负责人和关键岗位的人员进行安全背景审查；
　　（二）定期对从业人员进行网络安全教育、技术培训和技能考核；
　　（三）对重要系统和数据库进行容灾备份；
　　（四）制定网络安全事件应急预案，并定期进行演练；
　　（五）法律、行政法规规定的其他义务。",运营者要求
关键信息基础设施的运营者采购网络产品和服务，可能影响国家安全的，应当通过国家网信部门会同国务院有关部门组织的国家安全审查。,职责区分
关键信息基础设施的运营者采购网络产品和服务，应当按照规定与提供者签订安全保密协议，明确安全和保密义务与责任。,运营者要求
关键信息基础设施的运营者在中华人民共和国境内运营中收集和产生的个人信息和重要数据应当在境内存储。因业务需要，确需向境外提供的，应当按照国家网信部门会同国务院有关部门制定的办法进行安全评估；法律、行政法规另有规定的，依照其规定。,运营者要求
关键信息基础设施的运营者应当自行或者委托网络安全服务机构对其网络的安全性和可能存在的风险每年至少进行一次检测评估，并将检测评估情况和改进措施报送相关负责关键信息基础设施安全保护工作的部门。,运营者要求
"国家网信部门应当统筹协调有关部门对关键信息基础设施的安全保护采取下列措施：
　　（一）对关键信息基础设施的安全风险进行抽查检测，提出改进措施，必要时可以委托网络安全服务机构对网络存在的安全风险进行检测评估；
　　（二）定期组织关键信息基础设施的运营者进行网络安全应急演练，提高应对网络安全事件的水平和协同配合能力；
　　（三）促进有关部门、关键信息基础设施的运营者以及有关研究机构、网络安全服务机构等之间的网络安全信息共享；
　　（四）对网络安全事件的应急处置与网络功能的恢复等，提供技术支持和协助。",职责区分
网络运营者应当对其收集的用户信息严格保密，并建立健全用户信息保护制度。,运营者要求
"网络运营者收集、使用个人信息，应当遵循合法、正当、必要的原则，公开收集、使用规则，明示收集、使用信息的目的、方式和范围，并经被收集者同意。
　　网络运营者不得收集与其提供的服务无关的个人信息，不得违反法律、行政法规的规定和双方的约定收集、使用个人信息，并应当依照法律、行政法规的规定和与用户的约定，处理其保存的个人信息。",运营者要求
"网络运营者不得泄露、篡改、毁损其收集的个人信息；未经被收集者同意，不得向他人提供个人信息。但是，经过处理无法识别特定个人且不能复原的除外。
　　网络运营者应当采取技术措施和其他必要措施，确保其收集的个人信息安全，防止信息泄露、毁损、丢失。在发生或者可能发生个人信息泄露、毁损、丢失的情况时，应当立即采取补救措施，按照规定及时告知用户并向有关主管部门报告。",运营者要求
个人发现网络运营者违反法律、行政法规的规定或者双方的约定收集、使用其个人信息的，有权要求网络运营者删除其个人信息；发现网络运营者收集、存储的其个人信息有错误的，有权要求网络运营者予以更正。网络运营者应当采取措施予以删除或者更正。,法规倡议
任何个人和组织不得窃取或者以其他非法方式获取个人信息，不得非法出售或者非法向他人提供个人信息。,使用者要求
依法负有网络安全监督管理职责的部门及其工作人员，必须对在履行职责中知悉的个人信息、隐私和商业秘密严格保密，不得泄露、出售或者非法向他人提供。,职责区分
任何个人和组织应当对其使用网络的行为负责，不得设立用于实施诈骗，传授犯罪方法，制作或者销售违禁物品、管制物品等违法犯罪活动的网站、通讯群组，不得利用网络发布涉及实施诈骗，制作或者销售违禁物品、管制物品以及其他违法犯罪活动的信息。,使用者要求
网络运营者应当加强对其用户发布的信息的管理，发现法律、行政法规禁止发布或者传输的信息的，应当立即停止传输该信息，采取消除等处置措施，防止信息扩散，保存有关记录，并向有关主管部门报告。,运营者要求
"任何个人和组织发送的电子信息、提供的应用软件，不得设置恶意程序，不得含有法律、行政法规禁止发布或者传输的信息。
　　电子信息发送服务提供者和应用软件下载服务提供者，应当履行安全管理义务，知道其用户有前款规定行为的，应当停止提供服务，采取消除等处置措施，保存有关记录，并向有关主管部门报告。",使用者要求
"网络运营者应当建立网络信息安全投诉、举报制度，公布投诉、举报方式等信息，及时受理并处理有关网络信息安全的投诉和举报。
　　网络运营者对网信部门和有关部门依法实施的监督检查，应当予以配合。",运营者要求
国家网信部门和有关部门依法履行网络信息安全监督管理职责，发现法律、行政法规禁止发布或者传输的信息的，应当要求网络运营者停止传输，采取消除等处置措施，保存有关记录；对来源于中华人民共和国境外的上述信息，应当通知有关机构采取技术措施和其他必要措施阻断传播。,职责区分
国家建立网络安全监测预警和信息通报制度。国家网信部门应当统筹协调有关部门加强网络安全信息收集、分析和通报工作，按照规定统一发布网络安全监测预警信息。,职责区分
负责关键信息基础设施安全保护工作的部门，应当建立健全本行业、本领域的网络安全监测预警和信息通报制度，并按照规定报送网络安全监测预警信息。,职责区分
"国家网信部门协调有关部门建立健全网络安全风险评估和应急工作机制，制定网络安全事件应急预案，并定期组织演练。
　　负责关键信息基础设施安全保护工作的部门应当制定本行业、本领域的网络安全事件应急预案，并定期组织演练。
　　网络安全事件应急预案应当按照事件发生后的危害程度、影响范围等因素对网络安全事件进行分级，并规定相应的应急处置措施。",职责区分
"网络安全事件发生的风险增大时，省级以上人民政府有关部门应当按照规定的权限和程序，并根据网络安全风险的特点和可能造成的危害，采取下列措施：
　　（一）要求有关部门、机构和人员及时收集、报告有关信息，加强对网络安全风险的监测；
　　（二）组织有关部门、机构和专业人员，对网络安全风险信息进行分析评估，预测事件发生的可能性、影响范围和危害程度；
　　（三）向社会发布网络安全风险预警，发布避免、减轻危害的措施。",职责区分
发生网络安全事件，应当立即启动网络安全事件应急预案，对网络安全事件进行调查和评估，要求网络运营者采取技术措施和其他必要措施，消除安全隐患，防止危害扩大，并及时向社会发布与公众有关的警示信息。,运营者要求
省级以上人民政府有关部门在履行网络安全监督管理职责中，发现网络存在较大安全风险或者发生安全事件的，可以按照规定的权限和程序对该网络的运营者的法定代表人或者主要负责人进行约谈。网络运营者应当按照要求采取措施，进行整改，消除隐患。,职责区分
因网络安全事件，发生突发事件或者生产安全事故的，应当依照《中华人民共和国突发事件应对法》、《中华人民共和国安全生产法》等有关法律、行政法规的规定处置。,职责区分
因维护国家安全和社会公共秩序，处置重大突发社会安全事件的需要，经国务院决定或者批准，可以在特定区域对网络通信采取限制等临时措施。,职责区分
"网络运营者不履行本法第二十一条、第二十五条规定的网络安全保护义务的，由有关主管部门责令改正，给予警告；拒不改正或者导致危害网络安全等后果的，处一万元以上十万元以下罚款，对直接负责的主管人员处五千元以上五万元以下罚款。
　　关键信息基础设施的运营者不履行本法第三十三条、第三十四条、第三十六条、第三十八条规定的网络安全保护义务的，由有关主管部门责令改正，给予警告；拒不改正或者导致危害网络安全等后果的，处十万元以上一百万元以下罚款，对直接负责的主管人员处一万元以上十万元以下罚款。",违规处理
"违反本法第二十二条第一款、第二款和第四十八条第一款规定，有下列行为之一的，由有关主管部门责令改正，给予警告；拒不改正或者导致危害网络安全等后果的，处五万元以上五十万元以下罚款，对直接负责的主管人员处一万元以上十万元以下罚款：
　　（一）设置恶意程序的；
　　（二）对其产品、服务存在的安全缺陷、漏洞等风险未立即采取补救措施，或者未按照规定及时告知用户并向有关主管部门报告的；
　　（三）擅自终止为其产品、服务提供安全维护的。",违规处理
网络运营者违反本法第二十四条第一款规定，未要求用户提供真实身份信息，或者对不提供真实身份信息的用户提供相关服务的，由有关主管部门责令改正；拒不改正或者情节严重的，处五万元以上五十万元以下罚款，并可以由有关主管部门责令暂停相关业务、停业整顿、关闭网站、吊销相关业务许可证或者吊销营业执照，对直接负责的主管人员和其他直接责任人员处一万元以上十万元以下罚款。,违规处理
违反本法第二十六条规定，开展网络安全认证、检测、风险评估等活动，或者向社会发布系统漏洞、计算机病毒、网络攻击、网络侵入等网络安全信息的，由有关主管部门责令改正，给予警告；拒不改正或者情节严重的，处一万元以上十万元以下罚款，并可以由有关主管部门责令暂停相关业务、停业整顿、关闭网站、吊销相关业务许可证或者吊销营业执照，对直接负责的主管人员和其他直接责任人员处五千元以上五万元以下罚款。,违规处理
"违反本法第二十七条规定，从事危害网络安全的活动，或者提供专门用于从事危害网络安全活动的程序、工具，或者为他人从事危害网络安全的活动提供技术支持、广告推广、支付结算等帮助，尚不构成犯罪的，由公安机关没收违法所得，处五日以下拘留，可以并处五万元以上五十万元以下罚款；情节较重的，处五日以上十五日以下拘留，可以并处十万元以上一百万元以下罚款。
　　单位有前款行为的，由公安机关没收违法所得，处十万元以上一百万元以下罚款，并对直接负责的主管人员和其他直接责任人员依照前款规定处罚。
　　违反本法第二十七条规定，受到治安管理处罚的人员，五年内不得从事网络安全管理和网络运营关键岗位的工作；受到刑事处罚的人员，终身不得从事网络安全管理和网络运营关键岗位的工作。",违规处理
"网络运营者、网络产品或者服务的提供者违反本法第二十二条第三款、第四十一条至第四十三条规定，侵害个人信息依法得到保护的权利的，由有关主管部门责令改正，可以根据情节单处或者并处警告、没收违法所得、处违法所得一倍以上十倍以下罚款，没有违法所得的，处一百万元以下罚款，对直接负责的主管人员和其他直接责任人员处一万元以上十万元以下罚款；情节严重的，并可以责令暂停相关业务、停业整顿、关闭网站、吊销相关业务许可证或者吊销营业执照。
　　违反本法第四十四条规定，窃取或者以其他非法方式获取、非法出售或者非法向他人提供个人信息，尚不构成犯罪的，由公安机关没收违法所得，并处违法所得一倍以上十倍以下罚款，没有违法所得的，处一百万元以下罚款。",违规处理
关键信息基础设施的运营者违反本法第三十五条规定，使用未经安全审查或者安全审查未通过的网络产品或者服务的，由有关主管部门责令停止使用，处采购金额一倍以上十倍以下罚款；对直接负责的主管人员和其他直接责任人员处一万元以上十万元以下罚款。,违规处理
关键信息基础设施的运营者违反本法第三十七条规定，在境外存储网络数据，或者向境外提供网络数据的，由有关主管部门责令改正，给予警告，没收违法所得，处五万元以上五十万元以下罚款，并可以责令暂停相关业务、停业整顿、关闭网站、吊销相关业务许可证或者吊销营业执照；对直接负责的主管人员和其他直接责任人员处一万元以上十万元以下罚款。,违规处理
"违反本法第四十六条规定，设立用于实施违法犯罪活动的网站、通讯群组，或者利用网络发布涉及实施违法犯罪活动的信息，尚不构成犯罪的，由公安机关处五日以下拘留，可以并处一万元以上十万元以下罚款；情节较重的，处五日以上十五日以下拘留，可以并处五万元以上五十万元以下罚款。关闭用于实施违法犯罪活动的网站、通讯群组。
　　单位有前款行为的，由公安机关处十万元以上五十万元以下罚款，并对直接负责的主管人员和其他直接责任人员依照前款规定处罚。",违规处理
"网络运营者违反本法第四十七条规定，对法律、行政法规禁止发布或者传输的信息未停止传输、采取消除等处置措施、保存有关记录的，由有关主管部门责令改正，给予警告，没收违法所得；拒不改正或者情节严重的，处十万元以上五十万元以下罚款，并可以责令暂停相关业务、停业整顿、关闭网站、吊销相关业务许可证或者吊销营业执照，对直接负责的主管人员和其他直接责任人员处一万元以上十万元以下罚款。
　　电子信息发送服务提供者、应用软件下载服务提供者，不履行本法第四十八条第二款规定的安全管理义务的，依照前款规定处罚。",违规处理
"网络运营者违反本法规定，有下列行为之一的，由有关主管部门责令改正；拒不改正或者情节严重的，处五万元以上五十万元以下罚款，对直接负责的主管人员和其他直接责任人员，处一万元以上十万元以下罚款：
　　（一）不按照有关部门的要求对法律、行政法规禁止发布或者传输的信息，采取停止传输、消除等处置措施的；
　　（二）拒绝、阻碍有关部门依法实施的监督检查的；
　　（三）拒不向公安机关、国家安全机关提供技术支持和协助的。",违规处理
发布或者传输本法第十二条第二款和其他法律、行政法规禁止发布或者传输的信息的，依照有关法律、行政法规的规定处罚。,违规处理
有本法规定的违法行为的，依照有关法律、行政法规的规定记入信用档案，并予以公示。,违规处理
国家机关政务网络的运营者不履行本法规定的网络安全保护义务的，由其上级机关或者有关机关责令改正；对直接负责的主管人员和其他直接责任人员依法给予处分。,违规处理
"网信部门和有关部门违反本法第三十条规定，将在履行网络安全保护职责中获取的信息用于其他用途的，对直接负责的主管人员和其他直接责任人员依法给予处分。
　　网信部门和有关部门的工作人员玩忽职守、滥用职权、徇私舞弊，尚不构成犯罪的，依法给予处分。",违规处理
"违反本法规定，给他人造成损害的，依法承担民事责任。
　　违反本法规定，构成违反治安管理行为的，依法给予治安管理处罚；构成犯罪的，依法追究刑事责任。",违规处理
境外的机构、组织、个人从事攻击、侵入、干扰、破坏等危害中华人民共和国的关键信息基础设施的活动，造成严重后果的，依法追究法律责任；国务院公安部门和有关部门并可以决定对该机构、组织、个人采取冻结财产或者其他必要的制裁措施。,违规处理
为了规范互联网域名服务，保护用户合法权益，保障互联网域名系统安全、可靠运行，推动中文域名和国家顶级域名发展和应用，促进中国互联网健康发展，根据《中华人民共和国行政许可法》《国务院对确需保留的行政审批项目设定行政许可的决定》等规定，参照国际上互联网域名管理准则，制定本办法。,法规目的
在中华人民共和国境内从事互联网域名服务及其运行维护、监督管理等相关活动，应当遵守本办法。,职责区分
"工业和信息化部对全国的域名服务实施监督管理，主要职责是：
　　（一）制定互联网域名管理规章及政策；
　　（二）制定中国互联网域名体系、域名资源发展规划；
　　（三）管理境内的域名根服务器运行机构和域名注册管理机构；
　　（四）负责域名体系的网络与信息安全管理；
　　（五）依法保护用户个人信息和合法权益；
　　（六）负责与域名有关的国际协调；
　　（七）管理境内的域名解析服务；
　　（八）管理其他与域名服务相关的活动。",职责区分
"各省、自治区、直辖市通信管理局对本行政区域内的域名服务实施监督管理，主要职责是：
　　（一）贯彻执行域名管理法律、行政法规、规章和政策；
　　（二）管理本行政区域内的域名注册服务机构；
　　（三）协助工业和信息化部对本行政区域内的域名根服务器运行机构和域名注册管理机构进行管理；
　　（四）负责本行政区域内域名系统的网络与信息安全管理；
　　（五）依法保护用户个人信息和合法权益；
　　（六）管理本行政区域内的域名解析服务；
　　（七）管理本行政区域内其他与域名服务相关的活动。",职责区分
中国互联网域名体系由工业和信息化部予以公告。根据域名发展的实际情况，工业和信息化部可以对中国互联网域名体系进行调整。,职责区分
"“.CN”和“.中国”是中国的国家顶级域名。
　　中文域名是中国互联网域名体系的重要组成部分。国家鼓励和支持中文域名系统的技术研究和推广应用。",法规倡议
提供域名服务，应当遵守国家相关法律法规，符合相关技术规范和标准。,运营者要求
任何组织和个人不得妨碍互联网域名系统的安全和稳定运行。,使用者要求
在境内设立域名根服务器及域名根服务器运行机构、域名注册管理机构和域名注册服务机构的，应当依据本办法取得工业和信息化部或者省、自治区、直辖市通信管理局（以下统称电信管理机构）的相应许可。,职责区分
"申请设立域名根服务器及域名根服务器运行机构的，应当具备以下条件：
　　（一）域名根服务器设置在境内，并且符合互联网发展相关规划及域名系统安全稳定运行要求；
　　（二）是依法设立的法人，该法人及其主要出资者、主要经营管理人员具有良好的信用记录； 
　　（三）具有保障域名根服务器安全可靠运行的场地、资金、环境、专业人员和技术能力以及符合电信管理机构要求的信息管理系统；
　　（四）具有健全的网络与信息安全保障措施，包括管理人员、网络与信息安全管理制度、应急处置预案和相关技术、管理措施等；
　　（五）具有用户个人信息保护能力、提供长期服务的能力及健全的服务退出机制；
　　（六）法律、行政法规规定的其他条件。",运营者要求
"申请设立域名注册管理机构的，应当具备以下条件：
　　（一）域名管理系统设置在境内，并且持有的顶级域名符合相关法律法规及域名系统安全稳定运行要求；
　　（二）是依法设立的法人，该法人及其主要出资者、主要经营管理人员具有良好的信用记录；
　　（三）具有完善的业务发展计划和技术方案以及与从事顶级域名运行管理相适应的场地、资金、专业人员以及符合电信管理机构要求的信息管理系统；
　　（四）具有健全的网络与信息安全保障措施，包括管理人员、网络与信息安全管理制度、应急处置预案和相关技术、管理措施等；
　　（五）具有进行真实身份信息核验和用户个人信息保护的能力、提供长期服务的能力及健全的服务退出机制；
　　（六）具有健全的域名注册服务管理制度和对域名注册服务机构的监督机制；
　　（七）法律、行政法规规定的其他条件。",运营者要求
"申请设立域名注册服务机构的，应当具备以下条件：
　　（一）在境内设置域名注册服务系统、注册数据库和相应的域名解析系统；
　　（二）是依法设立的法人，该法人及其主要出资者、主要经营管理人员具有良好的信用记录；
　　（三）具有与从事域名注册服务相适应的场地、资金和专业人员以及符合电信管理机构要求的信息管理系统；
　　（四）具有进行真实身份信息核验和用户个人信息保护的能力、提供长期服务的能力及健全的服务退出机制；
　　（五）具有健全的域名注册服务管理制度和对域名注册代理机构的监督机制；
　　（六）具有健全的网络与信息安全保障措施，包括管理人员、网络与信息安全管理制度、应急处置预案和相关技术、管理措施等；
　　（七）法律、行政法规规定的其他条件。",运营者要求
"申请设立域名根服务器及域名根服务器运行机构、域名注册管理机构的，应当向工业和信息化部提交申请材料。申请设立域名注册服务机构的，应当向住所地省、自治区、直辖市通信管理局提交申请材料。
　　申请材料应当包括：
　　（一）申请单位的基本情况及其法定代表人签署的依法诚信经营承诺书；
　　（二）对域名服务实施有效管理的证明材料，包括相关系统及场所、服务能力的证明材料、管理制度、与其他机构签订的协议等；
　　（三）网络与信息安全保障制度及措施；
　　（四）证明申请单位信誉的材料。",运营者要求
申请材料齐全、符合法定形式的，电信管理机构应当向申请单位出具受理申请通知书；申请材料不齐全或者不符合法定形式的，电信管理机构应当场或者在5个工作日内一次性书面告知申请单位需要补正的全部内容；不予受理的，应当出具不予受理通知书并说明理由。,职责区分
"电信管理机构应当自受理之日起20个工作日内完成审查，作出予以许可或者不予许可的决定。20个工作日内不能作出决定的，经电信管理机构负责人批准，可以延长10个工作日，并将延长期限的理由告知申请单位。需要组织专家论证的，论证时间不计入审查期限。
　　予以许可的，应当颁发相应的许可文件；不予许可的，应当书面通知申请单位并说明理由。",职责区分
域名根服务器运行机构、域名注册管理机构和域名注册服务机构的许可有效期为5年。,名词解释
域名根服务器运行机构、域名注册管理机构和域名注册服务机构的名称、住所、法定代表人等信息发生变更的，应当自变更之日起20日内向原发证机关办理变更手续。,运营者要求
"在许可有效期内，域名根服务器运行机构、域名注册管理机构、域名注册服务机构拟终止相关服务的，应当提前30日书面通知用户，提出可行的善后处理方案，并向原发证机关提交书面申请。
　　原发证机关收到申请后，应当向社会公示30日。公示期结束60日内，原发证机关应当完成审查并做出决定。",运营者要求
许可有效期届满需要继续从事域名服务的，应当提前90日向原发证机关申请延续；不再继续从事域名服务的，应当提前90日向原发证机关报告并做好善后工作。,运营者要求
"域名注册服务机构委托域名注册代理机构开展市场销售等工作的，应当对域名注册代理机构的工作进行监督和管理。
　　域名注册代理机构受委托开展市场销售等工作的过程中，应当主动表明代理关系，并在域名注册服务合同中明示相关域名注册服务机构名称及代理关系。",运营者要求
域名注册管理机构、域名注册服务机构应当在境内设立相应的应急备份系统并定期备份域名注册数据。,运营者要求
"域名根服务器运行机构、域名注册管理机构、域名注册服务机构应当在其网站首页和经营场所显著位置标明其许可相关信息。域名注册管理机构还应当标明与其合作的域名注册服务机构名单。
　　域名注册代理机构应当在其网站首页和经营场所显著位置标明其代理的域名注册服务机构名称。",运营者要求
域名根服务器运行机构、域名注册管理机构和域名注册服务机构应当向用户提供安全、方便、稳定的服务。,运营者要求
域名注册管理机构应当根据本办法制定域名注册实施细则并向社会公开。,运营者要求
"域名注册管理机构应当通过电信管理机构许可的域名注册服务机构开展域名注册服务。
　　域名注册服务机构应当按照电信管理机构许可的域名注册服务项目提供服务，不得为未经电信管理机构许可的域名注册管理机构提供域名注册服务。",运营者要求
域名注册服务原则上实行“先申请先注册”，相应域名注册实施细则另有规定的，从其规定。,名词解释
为维护国家利益和社会公众利益，域名注册管理机构应当建立域名注册保留字制度。,运营者要求
"任何组织或者个人注册、使用的域名中，不得含有下列内容：
　　（一）反对宪法所确定的基本原则的
　　（二）危害国家安全，泄露国家秘密，颠覆国家政权，破坏国家统一的
　　（三）损害国家荣誉和利益的
　　（四）煽动民族仇恨、民族歧视，破坏民族团结的
　　（五）破坏国家宗教政策，宣扬邪教和封建迷信的
　　（六）散布谣言，扰乱社会秩序，破坏社会稳定的
　　（七）散布淫秽、色情、赌博、暴力、凶杀、恐怖或者教唆犯罪的
　　（八）侮辱或者诽谤他人，侵害他人合法权益的
　　（九）含有法律、行政法规禁止的其他内容的。
　　域名注册管理机构、域名注册服务机构不得为含有前款所列内容的域名提供服务。",运营者要求
域名注册服务机构不得采用欺诈、胁迫等不正当手段要求他人注册域名。,运营者要求
"域名注册服务机构提供域名注册服务，应当要求域名注册申请者提供域名持有者真实、准确、完整的身份信息等域名注册信息。
　　域名注册管理机构和域名注册服务机构应当对域名注册信息的真实性、完整性进行核验。
　　域名注册申请者提供的域名注册信息不准确、不完整的，域名注册服务机构应当要求其予以补正。申请者不补正或者提供不真实的域名注册信息的，域名注册服务机构不得为其提供域名注册服务。",运营者要求
域名注册服务机构应当公布域名注册服务的内容、时限、费用，保证服务质量，提供域名注册信息的公共查询服务。,运营者要求
域名注册管理机构、域名注册服务机构应当依法存储、保护用户个人信息。未经用户同意不得将用户个人信息提供给他人，但法律、行政法规另有规定的除外。,运营者要求
"域名持有者的联系方式等信息发生变更的，应当在变更后30日内向域名注册服务机构办理域名注册信息变更手续。
　　域名持有者将域名转让给他人的，受让人应当遵守域名注册的相关要求。",运营者要求
"域名持有者有权选择、变更域名注册服务机构。变更域名注册服务机构的，原域名注册服务机构应当配合域名持有者转移其域名注册相关信息。
　　无正当理由的，域名注册服务机构不得阻止域名持有者变更域名注册服务机构。
　　电信管理机构依法要求停止解析的域名，不得变更域名注册服务机构。",运营者要求
"域名注册管理机构和域名注册服务机构应当设立投诉受理机制，并在其网站首页和经营场所显著位置公布投诉受理方式。
　　域名注册管理机构和域名注册服务机构应当及时处理投诉；不能及时处理的，应当说明理由和处理时限。",运营者要求
提供域名解析服务，应当遵守有关法律、法规、标准，具备相应的技术、服务和网络与信息安全保障能力，落实网络与信息安全保障措施，依法记录并留存域名解析日志、维护日志和变更记录，保障解析服务质量和解析系统安全。涉及经营电信业务的，应当依法取得电信业务经营许可。,运营者要求
"提供域名解析服务，不得擅自篡改解析信息。
　　任何组织或者个人不得恶意将域名解析指向他人的IP地址。",运营者要求
提供域名解析服务，不得为含有本办法第二十八条第一款所列内容的域名提供域名跳转。,运营者要求
从事互联网信息服务的，其使用域名应当符合法律法规和电信管理机构的有关规定，不得将域名用于实施违法行为。,运营者要求
"域名注册管理机构、域名注册服务机构应当配合国家有关部门依法开展的检查工作，并按照电信管理机构的要求对存在违法行为的域名采取停止解析等处置措施。
　　域名注册管理机构、域名注册服务机构发现其提供服务的域名发布、传输法律和行政法规禁止发布或者传输的信息的，应当立即采取消除、停止解析等处置措施，防止信息扩散，保存有关记录，并向有关部门报告。",运营者要求
"域名根服务器运行机构、域名注册管理机构和域名注册服务机构应当遵守国家相关法律、法规和标准，落实网络与信息安全保障措施，配置必要的网络通信应急设备，建立健全网络与信息安全监测技术手段和应急制度。域名系统出现网络与信息安全事件时，应当在24小时内向电信管理机构报告。
　　因国家安全和处置紧急事件的需要，域名根服务器运行机构、域名注册管理机构和域名注册服务机构应当服从电信管理机构的统一指挥与协调，遵守电信管理机构的管理要求。",运营者要求
任何组织或者个人认为他人注册或者使用的域名侵害其合法权益的，可以向域名争议解决机构申请裁决或者依法向人民法院提起诉讼。,使用者要求
"已注册的域名有下列情形之一的，域名注册服务机构应当予以注销，并通知域名持有者：
　　（一）域名持有者申请注销域名的；
　　（二）域名持有者提交虚假域名注册信息的；
　　（三）依据人民法院的判决、域名争议解决机构的裁决，应当注销的；
　　（四）法律、行政法规规定予以注销的其他情形。",运营者要求
"电信管理机构应当加强对域名服务的监督检查。域名根服务器运行机构、域名注册管理机构、域名注册服务机构应当接受、配合电信管理机构的监督检查。
　　鼓励域名服务行业自律管理，鼓励公众监督域名服务。",运营者要求
域名根服务器运行机构、域名注册管理机构、域名注册服务机构应当按照电信管理机构的要求，定期报送业务开展情况、安全运行情况、网络与信息安全责任落实情况、投诉和争议处理情况等信息。,运营者要求
"电信管理机构实施监督检查时，应当对域名根服务器运行机构、域名注册管理机构和域名注册服务机构报送的材料进行审核，并对其执行法律法规和电信管理机构有关规定的情况进行检查。
　　电信管理机构可以委托第三方专业机构开展有关监督检查活动。",职责区分
电信管理机构应当建立域名根服务器运行机构、域名注册管理机构和域名注册服务机构的信用记录制度，将其违反本办法并受到行政处罚的行为记入信用档案。,职责区分
电信管理机构开展监督检查，不得妨碍域名根服务器运行机构、域名注册管理机构和域名注册服务机构正常的经营和服务活动，不得收取任何费用，不得泄露所知悉的域名注册信息。,职责区分
违反本办法第九条规定，未经许可擅自设立域名根服务器及域名根服务器运行机构、域名注册管理机构、域名注册服务机构的，电信管理机构应当根据《中华人民共和国行政许可法》第八十一条的规定，采取措施予以制止，并视情节轻重，予以警告或者处一万元以上三万元以下罚款。,违规处理
"违反本办法规定，域名注册管理机构或者域名注册服务机构有下列行为之一的，由电信管理机构依据职权责令限期改正，并视情节轻重，处一万元以上三万元以下罚款，向社会公告:
　　（一）为未经许可的域名注册管理机构提供域名注册服务,或者通过未经许可的域名注册服务机构开展域名注册服务的；
　　（二）未按照许可的域名注册服务项目提供服务的；
　　（三）未对域名注册信息的真实性、完整性进行核验的；
　　（四）无正当理由阻止域名持有者变更域名注册服务机构的。",违规处理
"违反本办法规定，提供域名解析服务，有下列行为之一的，由电信管理机构责令限期改正，可以视情节轻重处一万元以上三万元以下罚款，向社会公告：
　　（一）擅自篡改域名解析信息或者恶意将域名解析指向他人IP地址的；
　　（二）为含有本办法第二十八条第一款所列内容的域名提供域名跳转的；
　　（三）未落实网络与信息安全保障措施的；
　　（四）未依法记录并留存域名解析日志、维护日志和变更记录的；
　　（五）未按照要求对存在违法行为的域名进行处置的。",违规处理
"违反本办法第十七条、第十八条第一款、第二十一条、第二十二条、第二十八条第二款、第二十九条、第三十一条、第三十二条、第三十五条第一款、第四十条第二款、第四十一条规定的，由电信管理机构依据职权责令限期改正,可以并处一万元以上三万元以下罚款，向社会公告。",违规处理
法律、行政法规对有关违法行为的处罚另有规定的，依照有关法律、行政法规的规定执行。,违规处理
任何组织或者个人违反本办法第二十八条第一款规定注册、使用域名，构成犯罪的，依法追究刑事责任；尚不构成犯罪的，由有关部门依法予以处罚。,违规处理
为规范互联网论坛社区服务，促进互联网论坛社区行业健康有序发展，保护公民、法人和其他组织的合法权益，维护国家安全和公共利益，根据《中华人民共和国网络安全法》《国务院关于授权国家互联网信息办公室负责互联网信息内容管理工作的通知》，制定本规定。,法规目的
在中华人民共和国境内从事互联网论坛社区服务，适用本规定。,职责区分
国家互联网信息办公室负责全国互联网论坛社区服务的监督管理执法工作。地方互联网信息办公室依据职责负责本行政区域内互联网论坛社区服务的监督管理执法工作。,职责区分
鼓励互联网论坛社区服务行业组织建立健全行业自律制度和行业准则，指导互联网论坛社区服务提供者建立健全服务规范，督促互联网论坛社区服务提供者依法提供服务、接受社会监督，提高互联网论坛社区服务从业人员的职业素养。,法规倡议
互联网论坛社区服务提供者应当落实主体责任，建立健全信息审核、公共信息实时巡查、应急处置及个人信息保护等信息安全管理制度，具有安全可控的防范措施，配备与服务规模相适应的专业人员，为有关部门依法履行职责提供必要的技术支持。,法规倡议
"互联网论坛社区服务提供者不得利用互联网论坛社区服务发布、传播法律法规和国家有关规定禁止的信息。
    互联网论坛社区服务提供者应当与用户签订协议，明确用户不得利用互联网论坛社区服务发布、传播法律法规和国家有关规定禁止的信息，情节严重的，服务提供者将封禁或者关闭有关账号、版块；明确论坛社区版块发起者、管理者应当履行与其权利相适应的义务，对违反法律规定和协议约定、履行责任义务不到位的，服务提供者应当依法依约限制或取消其管理权限，直至封禁或者关闭有关账号、版块。",运营者要求
互联网论坛社区服务提供者应当加强对其用户发布信息的管理，发现含有法律法规和国家有关规定禁止的信息的，应当立即停止传输该信息，采取消除等处置措施，保存有关记录，并及时向国家或者地方互联网信息办公室报告。,运营者要求
"互联网论坛社区服务提供者应当按照“后台实名、前台自愿”的原则，要求用户通过真实身份信息认证后注册账号，并对版块发起者和管理者实施真实身份信息备案、定期核验等。用户不提供真实身份信息的，互联网论坛社区服务提供者不得为其提供信息发布服务。
    互联网论坛社区服务提供者应当加强对注册用户虚拟身份信息、版块名称简介等的审核管理，不得出现法律法规和国家有关规定禁止的内容。
    互联网论坛社区服务提供者应当保护用户身份信息，不得泄露、篡改、毁损，不得非法出售或者非法向他人提供。",运营者要求
互联网论坛社区服务提供者及其从业人员，不得通过发布、转载、删除信息或者干预呈现结果等手段，谋取不正当利益。,运营者要求
互联网论坛社区服务提供者开展经营和服务活动，必须遵守法律法规，尊重社会公德，遵守商业道德，诚实信用，承担社会责任。,运营者要求
互联网论坛社区服务提供者应当建立健全公众投诉、举报制度，在显著位置公布投诉、举报方式，主动接受公众监督，及时处理公众投诉、举报。国家和地方互联网信息办公室依据职责，对举报受理落实情况进行监督检查。,运营者要求
互联网论坛社区服务提供者违反本规定的，由有关部门依照相关法律法规处理。,运营者要求
为了规范互联网信息服务活动，促进互联网信息服务健康有序发展，制定本办法。,法规目的
在中华人民共和国境内从事互联网信息服务活动，必须遵守本办法。,职责区分
"互联网信息服务分为经营性和非经营性两类。
　　经营性互联网信息服务，是指通过互联网向上网用户有偿提供信息或者网页制作等服务活动。
　　非经营性互联网信息服务，是指通过互联网向上网用户无偿提供具有公开性、共享性信息的服务活动。",名词解释
"国家对经营性互联网信息服务实行许可制度；对非经营性互联网信息服务实行备案制度。
　　未取得许可或者未履行备案手续的，不得从事互联网信息服务。",名词解释
从事新闻、出版、教育、医疗保健、药品和医疗器械等互联网信息服务，依照法律、行政法规以及国家有关规定须经有关主管部门审核同意的，在申请经营许可或者履行备案手续前，应当依法经有关主管部门审核同意。,名词解释
"从事经营性互联网信息服务，除应当符合《中华人民共和国电信条例》规定的要求外，还应当具备下列条件：
　　(一)有业务发展计划及相关技术方案；
　　(二)有健全的网络与信息安全保障措施，包括网站安全保障措施、信息安全保密管理制度、用户信息安全管理制度；
　　(三)服务项目属于本办法第五条规定范围的，已取得有关主管部门同意的文件。",运营者要求
"从事经营性互联网信息服务，应当向省、自治区、直辖市电信管理机构或者国务院信息产业主管部门申请办理互联网信息服务增值电信业务经营许可证(以下简称经营许可证)。
　　省、自治区、直辖市电信管理机构或者国务院信息产业主管部门应当自收到申请之日起60日内审查完毕，作出批准或者不予批准的决定。予以批准的，颁发经营许可证；不予批准的，应当书面通知申请人并说明理由。
　　申请人取得经营许可证后，应当持经营许可证向企业登记机关办理登记手续。",职责区分
"从事非经营性互联网信息服务，应当向省、自治区、直辖市电信管理机构或者国务院信息产业主管部门办理备案手续。办理备案时，应当提交下列材料：
　　(一)主办单位和网站负责人的基本情况；
　　(二)网站网址和服务项目；
　　(三)服务项目属于本办法第五条规定范围的，已取得有关主管部门的同意文件。
　　省、自治区、直辖市电信管理机构对备案材料齐全的，应当予以备案并编号。",运营者要求
从事互联网信息服务，拟开办电子公告服务的，应当在申请经营性互联网信息服务许可或者办理非经营性互联网信息服务备案时，按照国家有关规定提出专项申请或者专项备案。,运营者要求
省、自治区、直辖市电信管理机构和国务院信息产业主管部门应当公布取得经营许可证或者已履行备案手续的互联网信息服务提供者名单。,职责区分
"互联网信息服务提供者应当按照经许可或者备案的项目提供服务，不得超出经许可或者备案的项目提供服务。
　　非经营性互联网信息服务提供者不得从事有偿服务。
　　互联网信息服务提供者变更服务项目、网站网址等事项的，应当提前30日向原审核、发证或者备案机关办理变更手续。",运营者要求
互联网信息服务提供者应当在其网站主页的显著位置标明其经营许可证编号或者备案编号。,运营者要求
互联网信息服务提供者应当向上网用户提供良好的服务，并保证所提供的信息内容合法。,运营者要求
"从事新闻、出版以及电子公告等服务项目的互联网信息服务提供者，应当记录提供的信息内容及其发布时间、互联网地址或者域名；互联网接入服务提供者应当记录上网用户的上网时间、用户帐号、互联网地址或者域名、主叫电话号码等信息。
　　互联网信息服务提供者和互联网接入服务提供者的记录备份应当保存60日，并在国家有关机关依法查询时，予以提供。",运营者要求
"互联网信息服务提供者不得制作、复制、发布、传播含有下列内容的信息：
　　(一)反对宪法所确定的基本原则的；
　　(二)危害国家安全，泄露国家秘密，颠覆国家政权，破坏国家统一的；
　　(三)损害国家荣誉和利益的；
　　(四)煽动民族仇恨、民族歧视，破坏民族团结的；
　　(五)破坏国家宗教政策，宣扬邪教和封建迷信的；
　　(六)散布谣言，扰乱社会秩序，破坏社会稳定的；
　　(七)散布淫秽、色情、赌博、暴力、凶杀、恐怖或者教唆犯罪的；
　　(八)侮辱或者诽谤他人，侵害他人合法权益的；
　　(九)含有法律、行政法规禁止的其他内容的。",运营者要求
互联网信息服务提供者发现其网站传输的信息明显属于本办法第十五条所列内容之一的，应当立即停止传输，保存有关记录，并向国家有关机关报告。,运营者要求
经营性互联网信息服务提供者申请在境内境外上市或者同外商合资、合作，应当事先经国务院信息产业主管部门审查同意；其中，外商投资的比例应当符合有关法律、行政法规的规定。,运营者要求
"国务院信息产业主管部门和省、自治区、直辖市电信管理机构，依法对互联网信息服务实施监督管理。
　　新闻、出版、教育、卫生、药品监督管理、工商行政管理和公安、国家安全等有关主管部门，在各自职责范围内依法对互联网信息内容实施监督管理。",职责区分
"违反本办法的规定，未取得经营许可证，擅自从事经营性互联网信息服务，或者超出许可的项目提供服务的，由省、自治区、直辖市电信管理机构责令限期改正，有违法所得的，没收违法所得，处违法所得3倍以上5倍以下的罚款；没有违法所得或者违法所得不足5万元的，处10万元以上100万元以下的罚款；情节严重的，责令关闭网站。
　　违反本办法的规定，未履行备案手续，擅自从事非经营性互联网信息服务，或者超出备案的项目提供服务的，由省、自治区、直辖市电信管理机构责令限期改正；拒不改正的，责令关闭网站。",违规处理
制作、复制、发布、传播本办法第十五条所列内容之一的信息，构成犯罪的，依法追究刑事责任；尚不构成犯罪的，由公安机关、国家安全机关依照《中华人民共和国治安管理处罚法》、《计算机信息网络国际联网安全保护管理办法》等有关法律、行政法规的规定予以处罚；对经营性互联网信息服务提供者，并由发证机关责令停业整顿直至吊销经营许可证，通知企业登记机关；对非经营性互联网信息服务提供者，并由备案机关责令暂时关闭网站直至关闭网站。,违规处理
未履行本办法第十四条规定的义务的，由省、自治区、直辖市电信管理机构责令改正；情节严重的，责令停业整顿或者暂时关闭网站。,违规处理
违反本办法的规定，未在其网站主页上标明其经营许可证编号或者备案编号的，由省、自治区、直辖市电信管理机构责令改正，处5000元以上5万元以下的罚款。,违规处理
违反本办法第十六条规定的义务的，由省、自治区、直辖市电信管理机构责令改正；情节严重的，对经营性互联网信息服务提供者，并由发证机关吊销经营许可证，对非经营性互联网信息服务提供者，并由备案机关责令关闭网站。,违规处理
互联网信息服务提供者在其业务活动中，违反其他法律、法规的，由新闻、出版、教育、卫生、药品监督管理和工商行政管理等有关主管部门依照有关法律、法规的规定处罚。,违规处理
电信管理机构和其他有关主管部门及其工作人员，玩忽职守、滥用职权、徇私舞弊，疏于对互联网信息服务的监督管理，造成严重后果，构成犯罪的，依法追究刑事责任；尚不构成犯罪的，对直接负责的主管人员和其他直接责任人员依法给予降级、撤职直至开除的行政处分。,违规处理
为规范互联网信息搜索服务，促进互联网信息搜索行业健康有序发展，保护公民、法人和其他组织的合法权益，维护国家安全和公共利益，根据《全国人民代表大会常务委员会关于加强网络信息保护的决定》和《国务院关于授权国家互联网信息办公室负责互联网信息内容管理工作的通知》，制定本规定。,法规目的
在中华人民共和国境内从事互联网信息搜索服务，适用本规定。,职责区分
国家互联网信息办公室负责全国互联网信息搜索服务的监督管理执法工作。地方互联网信息办公室依据职责负责本行政区域内互联网信息搜索服务的监督管理执法工作。,职责区分
互联网信息搜索服务行业组织应当建立健全行业自律制度和行业准则，指导互联网信息搜索服务提供者建立健全服务规范，督促互联网信息搜索服务提供者依法提供服务、接受社会监督，提高互联网信息搜索服务从业人员的职业素养。,法规倡议
互联网信息搜索服务提供者应当取得法律法规规定的相关资质。,运营者要求
互联网信息搜索服务提供者应当落实主体责任，建立健全信息审核、公共信息实时巡查、应急处置及个人信息保护等信息安全管理制度，具有安全可控的防范措施，为有关部门依法履行职责提供必要的技术支持。,运营者要求
互联网信息搜索服务提供者不得以链接、摘要、快照、联想词、相关搜索、相关推荐等形式提供含有法律法规禁止的信息内容。,运营者要求
互联网信息搜索服务提供者提供服务过程中发现搜索结果明显含有法律法规禁止内容的信息、网站及应用，应当停止提供相关搜索结果，保存有关记录，并及时向国家或者地方互联网信息办公室报告。,运营者要求
互联网信息搜索服务提供者及其从业人员，不得通过断开相关链接或者提供含有虚假信息的搜索结果等手段，牟取不正当利益。,运营者要求
互联网信息搜索服务提供者应当提供客观、公正、权威的搜索结果，不得损害国家利益、公共利益，以及公民、法人和其他组织的合法权益。,运营者要求
"互联网信息搜索服务提供者提供付费搜索信息服务，应当依法查验客户有关资质，明确付费搜索信息页面比例上限，醒目区分自然搜索结果与付费搜索信息，对付费搜索信息逐条加注显著标识。
    互联网信息搜索服务提供者提供商业广告信息服务，应当遵守相关法律法规。",运营者要求
为规范非经营性互联网信息服务备案及备案管理，促进互联网信息服务业的健康发展，根据《互联网信息服务管理办法》、《中华人民共和国电信条例》及其他相关法律、行政法规的规定，制定本办法。,法规目的
在中华人民共和国境内提供非经营性互联网信息服务，履行备案手续，实施备案管理，适用本办法。,职责区分
"中华人民共和国信息产业部（以下简称“信息产业部”）对全国非经营性互联网信息服务备案管理工作进行监督指导，省、自治区、直辖市通信管理局（以下简称“省通信管理局”）具体实施非经营性互联网信息服务的备案管理工作。
拟从事非经营性互联网信息服务的，应当向其住所所在地省通信管理局履行备案手续。",职责区分
"省通信管理局在备案管理中应当遵循公开、公平、公正的原则，提供便民、优质、高效的服务。
非经营性互联网信息服务提供者从事非经营性互联网信息服务时，应当遵守国家的有关规定，接受有关部门依法实施的监督管理。",法规倡议
"在中华人民共和国境内提供非经营性互联网信息服务，应当依法履行备案手续。
未经备案，不得在中华人民共和国境内从事非经营性互联网信息服务。
本办法所称在中华人民共和国境内提供非经营性互联网信息服务，是指在中华人民共和国境内的组织或个人利用通过互联网域名访问的网站或者利用仅能通过互联网IP地址访问的网站，提供非经营性互联网信息服务。",名词解释
省通信管理局通过信息产业部备案管理系统，采用网上备案方式进行备案管理。,职责区分
"拟从事非经营性互联网信息服务的，应当通过信息产业部备案管理系统如实填报《非经营性互联网信息服务备案登记表》（以下简称“《备案登记表》”，格式见本办法附录），履行备案手续。
信息产业部根据实际情况，对《备案登记表》进行调整和公布。",职责区分
拟通过接入经营性互联网络从事非经营性互联网信息服务的，可以委托因特网接入服务业务经营者、因特网数据中心业务经营者和以其他方式为其网站提供接入服务的电信业务经营者代为履行备案、备案变更、备案注销等手续。,职责区分
拟通过接入中国教育和科研计算机网、中国科学技术网、中国国际经济贸易互联网、中国长城互联网等公益性互联网络从事非经营性互联网信息服务的，可以由为其网站提供互联网接入服务的公益性互联网络单位代为履行备案、备案变更、备案注销等手续。 ,运营者要求
因特网接入服务业务经营者、因特网数据中心业务经营者以及以其他方式为网站提供接入服务的电信业务经营者和公益性互联网络单位（以下统称“互联网接入服务提供者”）不得在已知或应知拟从事非经营性互联网信息服务的组织或者个人的备案信息不真实的情况下，为其代为履行备案、备案变更、备案注销等手续。,运营者要求
"拟从事新闻、出版、教育、医疗保健、药品和医疗器械、文化、广播电影电视节目等互联网信息服务，根据法律、行政法规以及国家有关规定应经有关主管部门审核同意的，在履行备案手续时，还应向其住所所在地省通信管理局提交相关主管部门审核同意的文件。
拟从事电子公告服务的，在履行备案手续时，还应当向其住所所在地省通信管理局提交电子公告服务专项备案材料。",运营者要求
省通信管理局在收到备案人提交的备案材料后，材料齐全的，应在二十个工作日内予以备案，向其发放备案电子验证标识和备案编号，并通过信息产业部备案管理系统向社会公布有关备案信息；材料不齐全的，不予备案，在二十个工作日内通知备案人并说明理由。,职责区分
"非经营性互联网信息服务提供者应当在其网站开通时在主页底部的中央位置标明其备案编号，并在备案编号下方按要求链接信息产业部备案管理系统网址，供公众查询核对。
非经营性互联网信息服务提供者应当在其网站开通时，按照信息产业部备案管理系统的要求，将备案电子验证标识放置在其网站的指定目录下。",运营者要求
非经营性互联网信息服务提供者在备案有效期内需要变更其《备案登记表》中填报的信息的，应当提前三十日登陆信息产业部备案系统向原备案机关履行备案变更手续。,运营者要求
非经营性互联网信息服务提供者在备案有效期内需要终止提供服务的，应当在服务终止之日登陆信息产业部备案系统向原备案机关履行备案注销手续。,运营者要求
"非经营性互联网信息服务提供者应当保证所提供的信息内容合法。
本办法所称非经营性互联网信息服务提供者提供的信息内容，是指互联网信息服务提供者的网站的互联网域名或IP地址下所包括的信息内容。",运营者要求
省通信管理局应当建立信誉管理、社会监督、情况调查等管理机制，对非经营性互联网信息服务活动实施监督管理。,职责区分
"互联网接入服务提供者不得为未经备案的组织或者个人从事非经营性互联网信息服务提供互联网接入服务。
对被省通信管理局处以暂时关闭网站或关闭网站处罚的非经营性互联网信息服务提供者或者非法从事非经营性互联网信息服务的组织或者个人，互联网接入服务提供者应立即暂停或终止向其提供互联网接入服务。",运营者要求
"互联网接入服务提供者应当记录其接入的非经营性互联网信息服务提供者的备案信息。
互联网接入服务提供者应当依照国家有关规定做好用户信息动态管理、记录留存、有害信息报告等网络信息安全管理工作，根据信息产业部和省通信管理局的要求对所接入用户进行监督。",运营者要求
"省通信管理局依法对非经营性互联网信息服务备案实行年度审核。
省通信管理局通过信息产业部备案管理系统，采用网上方式进行年度审核。",职责区分
 非经营性互联网信息服务提供者应当在每年规定时间登陆信息产业部备案管理系统，履行年度审核手续。,运营者要求
"违反本办法第五条的规定，未履行备案手续提供非经营性互联网信息服务的，由住所所在地省通信管理局责令限期改正，并处一万元罚款；拒不改正的，关闭网站。
超出备案的项目提供服务的，由住所所在地省通信管理局责令限期改正，并处五千元以上一万元以下罚款；拒不改正的，关闭网站并注销备案。",违规处理
违反本办法第七条第一款的规定，填报虚假备案信息的，由住所所在地省通信管理局关闭网站并注销备案。,违规处理
违反本办法第十条、第十八条、第十九条的规定的，由违法行为发生地省通信管理局责令改正，并处一万元罚款。,违规处理
违反本办法第十三条的规定，未在其备案编号下方链接信息产业部备案管理系统网址的，或未将备案电子验证标识放置在其网站指定目录下的，由住所所在地省通信管理局责令改正，并处五千元以上一万元以下罚款。,违规处理
违反本办法第十四条、第十五条的规定，未在规定时间履行备案变更手续，或未依法履行备案注销手续的，由住所所在地省通信管理局责令限期改正，并处一万元罚款。,违规处理
非经营性信息服务提供者违反国家有关法律规定，依法应暂停或终止服务的，省通信管理局可根据法律、行政法规授权的同级机关的书面认定意见，暂时关闭网站，或关闭网站并注销备案。,违规处理
"在年度审核时，非经营性互联网信息服务提供者有下列情况之一的，由其住所所在地的省通信管理局通过信息产业部备案系统等媒体通告责令其限期改正；拒不改正的，关闭网站并注销备案：
（一）未在规定时间登陆备案网站提交年度审核信息的；
（二）新闻、教育、公安、安全、文化、广播电影电视、出版、保密等国家部门依法对各自主管的专项内容提出年度审核否决意见的。",违规处理
互联网信息服务提供者从事互联网信息服务使用的域名应为其依法依规注册所有。,名词解释
（一）个人从事互联网信息服务的，域名注册者应为互联网信息服务者本人。,运营者要求
（二）单位从事互联网信息服务的，域名注册者应为单位（含公司股东）、单位主要负责人或高级管理人员。,运营者要求
互联网接入服务提供者应当按照《中华人民共和国反恐怖主义法》《中华人民共和国网络安全法》的要求，对互联网信息服务提供者的身份进行查验。互联网信息服务提供者不提供真实身份信息的，互联网接入服务提供者不得为其提供服务。,运营者要求
域名注册管理机构、域名注册服务机构应当按照《互联网域名管理办法》和电信主管部门的要求，建设相应的信息管理系统，与“工业和信息化部ICP/IP 地址/域名信息备案管理系统”（以下简称备案系统）进行对接，报送域名注册相关信息。,职责区分
域名注册管理机构、域名注册服务机构应当进一步加强域名真实身份信息注册管理，不得为未提供真实身份信息的域名提供解析服务。,职责区分
"互联网接入服务提供者在为互联网信息服务提供者提供接入服务时，应通过备案系统查验域名注册者的真实身份信息，不提供真实身份信息的或者提供的身份信息不准确、不完整的，互联网接入服务提供者不得为其提供接入服务。本通知施行前已在备案系统中备案的域名除外。
互联网接入服务提供者应当定期通过备案系统核查互联网信息服务提供者使用域名的状态，对于域名不存在、域名过期且未提供真实身份信息等情形的，互联网接入服务提供者应停止为其提供接入服务。",运营者要求
电信主管部门要督促互联网接入服务提供者、域名注册管理机构、域名注册服务机构按照上述要求开展业务，依法处理各类违法违规行为，将处理结果纳入企业信誉管理档案，并向社会公示。,职责区分
　第一条　为了保障电子商务各方主体的合法权益，规范电子商务行为，维护市场秩序，促进电子商务持续健康发展，制定本法。,法规目的
　第三十八条　电子商务平台经营者知道或者应当知道平台内经营者销售的商品或者提供的服务不符合保障人身、财产安全的要求，或者有其他侵害消费者合法权益行为，未采取必要措施的，依法与该平台内经营者承担连带责任。　　对关系消费者生命健康的商品或者服务，电子商务平台经营者对平台内经营者的资质资格未尽到审核义务，或者对消费者未尽到安全保障义务，造成消费者损害的，依法承担相应的责任。,违规处理
　第四十二条　知识产权权利人认为其知识产权受到侵害的，有权通知电子商务平台经营者采取删除、屏蔽、断开链接、终止交易和服务等必要措施。通知应当包括构成侵权的初步证据。　　电子商务平台经营者接到通知后，应当及时采取必要措施，并将该通知转送平台内经营者；未及时采取必要措施的，对损害的扩大部分与平台内经营者承担连带责任。　　因通知错误造成平台内经营者损害的，依法承担民事责任。恶意发出错误通知，造成平台内经营者损失的，加倍承担赔偿责任。,违规处理
　第二十七条　电子签名人知悉电子签名制作数据已经失密或者可能已经失密未及时告知有关各方、并终止使用电子签名制作数据，未向电子认证服务提供者提供真实、完整和准确的信息，或者有其他过错，给电子签名依赖方、电子认证服务提供者造成损失的，承担赔偿责任。,违规处理
第二十八条　电子签名人或者电子签名依赖方因依据电子认证服务提供者提供的电子签名认证服务从事民事活动遭受损失，电子认证服务提供者不能证明自己无过错的，承担赔偿责任。,违规处理
　第二十九条　未经许可提供电子认证服务的，由国务院信息产业主管部门责令停止违法行为；有违法所得的，没收违法所得；违法所得三十万元以上的，处违法所得一倍以上三倍以下的罚款；没有违法所得或者违法所得不足三十万元的，处十万元以上三十万元以下的罚款。,违规处理
第三十条　电子认证服务提供者暂停或者终止电子认证服务，未在暂停或者终止服务六十日前向国务院信息产业主管部门报告的，由国务院信息产业主管部门对其直接负责的主管人员处一万元以上五万元以下的罚款。,违规处理
　第三十一条　电子认证服务提供者不遵守认证业务规则、未妥善保存与认证相关的信息，或者有其他违法行为的，由国务院信息产业主管部门责令限期改正；逾期未改正的，吊销电子认证许可证书，其直接负责的主管人员和其他直接责任人员十年内不得从事电子认证服务。吊销电子认证许可证书的，应当予以公告并通知工商行政管理部门。,违规处理
　第三十二条　伪造、冒用、盗用他人的电子签名，构成犯罪的，依法追究刑事责任；给他人造成损失的，依法承担民事责任。,违规处理
　第三十三条　依照本法负责电子认证服务业监督管理工作的部门的工作人员，不依法履行行政许可、监督管理职责的，依法给予行政处分；构成犯罪的，依法追究刑事责任。第五章　附　则,违规处理
第三十四条　本法中下列用语的含义：　　（一）电子签名人，是指持有电子签名制作数据并以本人身份或者以其所代表的人的名义实施电子签名的人；　　,名词解释
　第二十六条　本条例下列用语的含义：　　信息网络传播权，是指以有线或者无线方式向公众提供作品、表演或者录音录像制品，使公众可以在其个人选定的时间和地点获得作品、表演或者录音录像制品的权利。　　,名词解释
（二）电子签名依赖方，是指基于对电子签名认证证书或者电子签名的信赖从事有关活动的人；　　,名词解释
（三）电子签名认证证书，是指可证实电子签名人与电子签名制作数据有联系的数据电文或者其他电子记录；　　,名词解释
（四）电子签名制作数据，是指在电子签名过程中使用的，将电子签名与电子签名人可靠地联系起来的字符、编码等数据；　　,名词解释
（五）电子签名验证数据，是指用于验证电子签名的数据，包括代码、口令、算法或者公钥等。,名词解释
技术措施，是指用于防止、限制未经权利人许可浏览、欣赏作品、表演、录音录像制品的或者通过信息网络向公众提供作品、表演、录音录像制品的有效技术、装置或者部件。　,名词解释
　权利管理电子信息，是指说明作品及其作者、表演及其表演者、录音录像制品及其制作者的信息，作品、表演、录音录像制品权利人的信息和使用条件的信息，以及表示上述信息的数字或者代码。,名词解释
第二条本条例所称互联网上网服务营业场所，是指通过计算机等装置向公众提供互联网上网服务的网吧、电脑休闲室等营业性场所。　　,名词解释
第二条　本条例所称计算机软件（以下简称软件），是指计算机程序及其有关文档。,名词解释
第三条　本条例下列用语的含义：????（一）计算机程序，是指为了得到某种结果而可以由计算机等具有信息处理能力的装置执行的代码化指令序列，或者可以被自动转换成代码化指令序列的符号化指令序列或者符号化语句序列。同一计算机程序的源程序和目标程序为同一作品。????,名词解释
（二）文档，是指用来描述程序的内容、组成、设计、功能规格、开发情况、测试结果及使用方法的文字资料和图表等，如程序设计说明书、流程图、用户手册等。????,名词解释
（三）软件开发者，是指实际组织开发、直接进行开发，并对开发完成的软件承担责任的法人或者其他组织；或者依靠自己具有的条件独立完成软件开发，并对软件承担责任的自然人。????,名词解释
（四）软件著作权人，是指依照本条例的规定，对软件享有著作权的自然人、法人或者其他组织。,名词解释
本条例所称电信，是指利用有线、无线的电磁系统或者光电系统，传送、发射或者接收语音、文字、数据、图像以及其他任何形式信息的活动。,名词解释
前款所称电信资源，是指无线电频率、卫星轨道位置、电信网码号等用于实现电信功能且有限的资源。,名词解释
前款所称巨额电信费用，是指突然出现超过电信用户此前3个月平均电信费用5倍以上的费用。,名词解释
本规定所称区块链信息服务，是指基于区块链技术或者系统，通过互联网站、应用程序等形式，向社会公众提供信息服务。????,名词解释
本规定所称区块链信息服务提供者，是指向社会公众提供区块链信息服务的主体或者节点，以及为区块链信息服务的主体提供技术支持的机构或者组织；,名词解释
本规定所称区块链信息服务使用者，是指使用区块链信息服务的组织或者个人。,名词解释
本规定所称新闻信息，包括有关政治、经济、军事、外交等社会公共事务的报道、评论，以及有关社会突发事件的报道、评论。,名词解释
前款所称互联网新闻信息服务，包括互联网新闻信息采编发布服务、转载服务、传播平台服务。,名词解释
第二十七条 本规定所称新闻单位，是指依法设立的报刊社、广播电台、电视台、通讯社和新闻电影制片厂。,名词解释
本规定所称网络出版服务，是指通过信息网络向公众提供网络出版物。,名词解释
????本规定所称网络出版物，是指通过信息网络向公众提供的，具有编辑、制作、加工等出版特征的数字化作品，范围主要包括：????（一）文学、艺术、科学等领域内具有知识性、思想性的文字、图片、地图、游戏、动漫、音视频读物等原创数字化作品；????（二）与已出版的图书、报纸、期刊、音像制品、电子出版物等内容相一致的数字化作品；????（三）将上述作品通过选择、编排、汇集等方式形成的网络文献数据库等数字化作品；????（四）国家新闻出版广电总局认定的其他类型的数字化作品。????网络出版服务的具体业务分类另行制定。,名词解释
第四条　本规定所称用户个人信息，是指电信业务经营者和互联网信息服务提供者在提供服务的过程中收集的用户姓名、出生日期、身份证件号码、住址、电话号码、账号和密码等能够单独或者与其他信息结合识别用户的信息以及用户使用服务的时间、地点等信息。,名词解释
第二条　本规定所称互联网文化产品是指通过互联网生产、传播和流通的文化产品，主要包括：????（一）专门为互联网而生产的网络音乐娱乐、网络游戏、网络演出剧（节）目、网络表演、网络艺术品、网络动漫等互联网文化产品；????（二）将音乐娱乐、游戏、演出剧（节）目、表演、艺术品、动漫等文化产品以一定的技术手段制作、复制到互联网上传播的互联网文化产品。,名词解释
第三条　本规定所称互联网文化活动是指提供互联网文化产品及其服务的活动，主要包括：????（一）互联网文化产品的制作、复制、进口、发行、播放等活动；????（二）将文化产品登载在互联网上，或者通过互联网、移动通信网等信息网络发送到计算机、固定电话机、移动电话机、电视机、游戏机等用户端以及网吧等互联网上网服务营业场所，供用户浏览、欣赏、使用或者下载的在线传播行为；????（三）互联网文化产品的展览、比赛等活动。????,名词解释
互联网文化活动分为经营性和非经营性两类。经营性互联网文化活动是指以营利为目的，通过向上网用户收费或者以电子商务、广告、赞助等方式获取利益，提供互联网文化产品及其服务的活动。非经营性互联网文化活动是指不以营利为目的向上网用户提供互联网文化产品及其服务的活动。,名词解释
第四条　本规定所称互联网文化单位，是指经文化行政部门和电信管理机构批准或者备案，从事互联网文化活动的互联网信息服务提供者。????在中华人民共和国境内从事互联网文化活动，适用本规定。,名词解释
第三十二条　本规定所称文化市场综合执法机构是指依照国家有关法律、法规和规章的规定，相对集中地行使文化领域行政处罚权以及相关监督检查权、行政强制权的行政执法机构。,名词解释
本规定所称互联网视听节目服务，是指制作、编辑、集成并通过互联网向公众提供视音频节目，以及为他人提供上载传播视听节目服务的活动。,名词解释
本办法所称视听节目（包括影视类音像制品），是指利用摄影机、摄像机、录音机和其它视音频摄制设备拍摄、录制的，由可连续运动的图像或可连续收听的声音组成的视音频节目。,名词解释
本规定所称微博客，是指基于使用者关注机制，主要以简短文字、图片、视频等形式实现信息传播、获取的社交网络服务。,名词解释
????微博客服务提供者是指提供微博客平台服务的主体。,名词解释
微博客服务使用者是指使用微博客平台从事信息发布、互动交流等的行为主体。,名词解释
????微博客信息服务是指提供微博客平台服务及使用微博客平台从事信息发布、传播等行为。,名词解释
本规定所称互联网用户公众账号信息服务，是指通过互联网站、应用程序等网络平台以注册用户公众账号形式，向社会公众发布文字、图片、音视频等信息的服务。,名词解释
????本规定所称互联网用户公众账号信息服务提供者，是指提供互联网用户公众账号注册使用服务的网络平台。,名词解释
本规定所称互联网用户公众账号信息服务使用者，是指注册使用或运营互联网用户公众账号提供信息发布服务的机构或个人。,名词解释
国家鼓励发展电子商务新业态，创新商业模式，促进电子商务技术研发和推广应用，推进电子商务诚信体系建设，营造有利于电子商务创新发展的市场环境，充分发挥电子商务在推动高质量发展、满足人民日益增长的美好生活需要、构建开放型经济方面的重要作用。,法规倡议
第六条国家鼓励公民、法人和其他组织对互联网上网服务营业场所经营单位的经营活动进行监督，并对有突出贡献的给予奖励。,法规倡议
第四条 鼓励区块链行业组织加强行业自律，建立健全行业自律制度和行业准则，指导区块链信息服务提供者建立健全服务规范，推动行业信用评价体系建设，督促区块链信息服务提供者依法提供服务、接受社会监督，提高区块链信息服务从业人员的职业素养，促进行业健康有序发展。,法规倡议
第三条 提供互联网新闻信息服务，应当遵守宪法、法律和行政法规，坚持为人民服务、为社会主义服务的方向，坚持正确舆论导向，发挥舆论监督作用，促进形成积极健康、向上向善的网络文化，维护国家利益和公共利益。,法规倡议
第三条　从事网络出版服务，应当遵守宪法和有关法律、法规，坚持为人民服务、为社会主义服务的方向，坚持社会主义先进文化的前进方向，弘扬社会主义核心价值观，传播和积累一切有益于提高民族素质、推动经济发展、促进社会进步的思想道德、科学技术和文化知识，满足人民群众日益增长的精神文化需要。,法规倡议
第六条　国家鼓励图书、音像、电子、报纸、期刊出版单位从事网络出版服务，加快与新媒体的融合发展。,法规倡议
????国家鼓励组建网络出版服务行业协会，按照章程，在出版行政主管部门的指导下制定行业自律规范，倡导网络文明，传播健康有益内容，抵制不良有害内容。,法规倡议
?第四十五条　国家制定有关政策，保障、促进网络出版服务业的发展与繁荣。鼓励宣传科学真理、传播先进文化、倡导科学精神、塑造美好心灵、弘扬社会正气等有助于形成先进网络文化的网络出版服务，推动健康文化、优秀文化产品的数字化、网络化传播。,法规倡议
第四十六条　国家支持、鼓励下列优秀的、重点的网络出版物的出版：????（一）对阐述、传播宪法确定的基本原则有重大作用的；????（二）对弘扬社会主义核心价值观，进行爱国主义、集体主义、社会主义和民族团结教育以及弘扬社会公德、职业道德、家庭美德、个人品德有重要意义的；????（三）对弘扬民族优秀文化，促进国际文化交流有重大作用的；????（四）具有自主知识产权和优秀文化内涵的；????（五）对推进文化创新，及时反映国内外新的科学文化成果有重大贡献的；????（六）对促进公共文化服务有重大作用的；????（七）专门以未成年人为对象、内容健康的或者其他有利于未成年人健康成长的；????（八）其他具有重要思想价值、科学价值或者文化艺术价值的。,法规倡议
第七条　国家鼓励电信和互联网行业开展用户个人信息保护自律工作。,法规倡议
?第二十一条　鼓励电信和互联网行业协会依法制定有关用户个人信息保护的自律性管理制度，引导会员加强自律管理，提高用户个人信息保护水平。,法规倡议
第五条　从事互联网文化活动应当遵守宪法和有关法律、法规，坚持为人民服务、为社会主义服务的方向，弘扬民族优秀文化，传播有益于提高公众文化素质、推动经济发展、促进社会进步的思想道德、科学技术和文化知识，丰富人民的精神生活。,法规倡议
第四条　互联网视听节目服务单位及其相关网络运营单位，是重要的网络文化建设力量，承担建设中国特色网络文化和维护网络文化信息安全的责任应自觉遵守宪法、法律和行政法规，接受互联网视听节目服务行业主管部门和互联网行业主管部门的管理。,法规倡议
第五条　互联网视听节目服务单位组成的全国性社会团体，负责制定行业自律规范，倡导文明上网、文明办网，营造文明健康的网络环境，传播健康有益视听节目，抵制腐朽落后思想文化传播，并在国务院广播电影电视主管部门指导下开展活动。,法规倡议
第六条　发展互联网视听节目服务要有益于传播社会主义先进文化，推动社会全面进步和人的全面发展、促进社会和谐。,法规倡议
第五条　国家鼓励地（市）级以上广播电台、电视台通过国际互联网传播视听节目。,法规倡议
第五条 微博客服务提供者应当发挥促进经济发展、服务社会大众的积极作用，弘扬社会主义核心价值观，传播先进文化，坚持正确舆论导向，倡导依法上网、文明上网、安全上网。,法规倡议
第十五条 国家鼓励和指导互联网行业组织建立健全微博客行业自律制度和行业准则，推动微博客行业信用等级评价和信用体系建设，督促微博客服务提供者依法提供服务、接受社会监督。,法规倡议
第四条 互联网用户公众账号信息服务提供者和使用者，应当坚持正确导向，弘扬社会主义核心价值观，培育积极健康的网络文化，维护良好网络生态。,法规倡议
第十四条 鼓励互联网行业组织指导推动互联网用户公众账号信息服务提供者、使用者制定行业公约，加强行业自律，履行社会责任。,法规倡议
第三条 提供互联网直播服务，应当遵守法律法规，坚持正确导向，大力弘扬社会主义核心价值观，培育积极健康、向上向善的网络文化，维护良好网络生态，维护国家利益和公共利益，为广大网民特别是青少年成长营造风清气正的网络空间。,法规倡议
第十八条 鼓励支持相关行业组织制定行业公约，加强行业自律，建立健全行业信用评价体系和服务评议制度，促进行业规范发展。,法规倡议
第四条 鼓励各级党政机关、企事业单位和各人民团体积极运用移动互联网应用程序，推进政务公开，提供公共服务，促进经济社会发展。,法规倡议
互联网行业组织应当积极发挥作用，加强行业自律，推动行业信用评价体系建设，促进行业健康有序发展。,法规倡议
从事互联网视听节目服务，应当坚持为人民服务、为社会主义服务，坚持正确导向，把社会效益放在首位，建设社会主义核心价值体系，遵守社会主义道德规范，大力弘扬体现时代发展和社会进步的思想文化，大力弘扬民族优秀文化传统，提供更多更好的互联网视听节目服务，满足人民群众日益增长的需求，不断丰富人民群众的精神文化生活，充分发挥文化滋润心灵、陶冶情操、愉悦身心的作用，为青少年成长创造良好的网上空间，形成共建共享的精神家园。,法规倡议
????鼓励各级党政机关、企事业单位和人民团体注册使用互联网用户公众账号发布政务信息或公共服务信息，服务经济社会发展，满足公众信息需求。????互联网用户公众账号信息服务提供者应当配合党政机关、企事业单位和人民团体提升政务信息发布和公共服务水平，提供必要的技术支撑和信息安全保障。,法规倡议
????鼓励互联网行业组织建立多方参与的权威专业调解机制，协调解决行业纠纷。,法规倡议
第四条　电信监督管理遵循政企分开、破除垄断、鼓励竞争、促进发展和公开、公平、公正的原则。????电信业务经营者应当依法经营，遵守商业道德，接受依法实施的监督检查。,服务监督
第二十四条　国家依法加强对电信业务经营者资费行为的监管，建立健全监管规则，维护消费者合法权益。,服务监督
第四十二条　国务院信息产业主管部门或者省、自治区、直辖市电信管理机构应当依据职权对电信业务经营者的电信服务质量和经营活动进行监督检查，并向社会公布监督抽查结果。,服务监督
第八条　从事国际联网业务的单位和个人应当接受公安机关的安全监督、检查和指导，如实向公安机关提供有关安全保护的信息、资料及数据文件，协助公安机关查处通过国际联网的计算机信息网络的违法犯罪行为。,服务监督
第三条 工业和信息化部对全国的域名服务实施监督管理，主要职责是：　　（一）制定互联网域名管理规章及政策；　　（二）制定中国互联网域名体系、域名资源发展规划；　　（三）管理境内的域名根服务器运行机构和域名注册管理机构；　　（四）负责域名体系的网络与信息安全管理；　　（五）依法保护用户个人信息和合法权益；　　（六）负责与域名有关的国际协调；　　（七）管理境内的域名解析服务；　　（八）管理其他与域名服务相关的活动。,服务监督
第四条各省、自治区、直辖市通信管理局对本行政区域内的域名服务实施监督管理，主要职责是：　　（一）贯彻执行域名管理法律、行政法规、规章和政策；　　（二）管理本行政区域内的域名注册服务机构；　　（三）协助工业和信息化部对本行政区域内的域名根服务器运行机构和域名注册管理机构进行管理；　　（四）负责本行政区域内域名系统的网络与信息安全管理；　　（五）依法保护用户个人信息和合法权益；　　（六）管理本行政区域内的域名解析服务；　　（七）管理本行政区域内其他与域名服务相关的活动。,服务监督
第三十六条　网络出版服务的监督管理实行属地管理原则。????各地出版行政主管部门应当加强对本行政区域内的网络出版服务单位及其出版活动的日常监督管理，履行下列职责：????（一）对网络出版服务单位进行行业监管，对网络出版服务单位违反本规定的情况进行查处并报告上级出版行政主管部门；????（二）对网络出版服务进行监管，对违反本规定的行为进行查处并报告上级出版行政主管部门；????（三）对网络出版物内容和质量进行监管，定期组织内容审读和质量检查，并将结果向上级出版行政主管部门报告；????（四）对网络出版从业人员进行管理，定期组织岗位、业务培训和考核；????（五）配合上级出版行政主管部门、协调相关部门、指导下级出版行政主管部门开展工作。,服务监督
互联网新闻信息服务提供者应当自觉接受社会监督，建立社会投诉举报渠道，设置便捷的投诉举报入口，及时处理公众投诉举报。,服务监督
第十九条 国家和地方互联网信息办公室应当建立日常检查和定期检查相结合的监督管理制度，依法对互联网新闻信息服务活动实施监督检查，有关单位、个人应当予以配合。,服务监督
第三十七条　出版行政主管部门应当加强监管队伍和机构建设，采取必要的技术手段对网络出版服务进行管理。出版行政主管部门依法履行监督检查等执法职责时，网络出版服务单位应当予以配合，不得拒绝、阻挠。????各省、自治区、直辖市出版行政主管部门应当定期将本行政区域内的网络出版服务监督管理情况向国家新闻出版广电总局提交书面报告。,服务监督
????第三十八条　网络出版服务单位实行年度核验制度，年度核验每年进行一次。省、自治区、直辖市出版行政主管部门负责对本行政区域内的网络出版服务单位实施年度核验并将有关情况报国家新闻出版广电总局备案。年度核验内容包括网络出版服务单位的设立条件、登记项目、出版经营情况、出版质量、遵守法律规范、内部管理情况等。,服务监督
????第三十九条　年度核验按照以下程序进行：????（一）网络出版服务单位提交年度自检报告，内容包括：本年度政策法律执行情况，奖惩情况，网站出版、管理、运营绩效情况，网络出版物目录，对年度核验期内的违法违规行为的整改情况，编辑出版人员培训管理情况等；并填写由国家新闻出版广电总局统一印制的《网络出版服务年度核验登记表》，与年度自检报告一并报所在地省、自治区、直辖市出版行政主管部门；????（二）省、自治区、直辖市出版行政主管部门对本行政区域内的网络出版服务单位的设立条件、登记项目、开展业务及执行法规等情况进行全面审核，并在收到网络出版服务单位的年度自检报告和《网络出版服务年度核验登记表》等年度核验材料的45日内完成全面审核查验工作。对符合年度核验要求的网络出版服务单位予以登记，并在其《网络出版服务许可证》上加盖年度核验章；????（三）省、自治区、直辖市出版行政主管部门应于完成全面审核查验工作的15日内将年度核验情况及有关书面材料报国家新闻出版广电总局备案。,服务监督
第四十条　有下列情形之一的，暂缓年度核验：????（一）正在停业整顿的；????（二）违反出版法规规章，应予处罚的；????（三）未按要求执行出版行政主管部门相关管理规定的；????（四）内部管理混乱，无正当理由未开展实质性网络出版服务活动的；????（五）存在侵犯著作权等其他违法嫌疑需要进一步核查的。????暂缓年度核验的期限由省、自治区、直辖市出版行政主管部门确定，报国家新闻出版广电总局备案，最长不得超过180日。暂缓年度核验期间，须停止网络出版服务。????暂缓核验期满，按本规定重新办理年度核验手续。,服务监督
第三条　工业和信息化部和各省、自治区、直辖市通信管理局（以下统称电信管理机构）依法对电信和互联网用户个人信息保护工作实施监督管理。,服务监督
第三条　工业和信息化部和各省、自治区、直辖市通信管理局（以下统称“电信管理机构”）依法对互联网信息服务活动实施监督管理。,服务监督
第二十一条　广播电影电视和电信主管部门应建立公众监督举报制度。公众有权举报视听节目服务单位的违法违规行为，有关主管部门应当及时处理，不得推诿。广播电影电视、电信等监督管理部门发现违反本规定的行为，不属于本部门职责的，应当移交有权处理的部门处理。????电信主管部门应当依照国家有关规定向广播电影电视主管部门提供必要的技术系统接口和网站数据查询资料。,服务监督
第二十二条　广播电影电视主管部门依法对互联网视听节目服务单位进行实地检查，有关单位和个人应当予以配合。广播电影电视主管部门工作人员依法进行实地检查时应当主动出示有关证件。,服务监督
第二十八条　通过互联网提供视音频即时通讯服务，由国务院信息产业主管部门按照国家有关规定进行监督管理。????利用局域网络及利用互联网架设虚拟专网向公众提供网络视听节目服务，须向行业主管部门提出申请，由国务院信息产业主管部门前置审批，国务院广播电影电视主管部门审核批准，按照国家有关规定进行监督管理。,服务监督
第二十四条　省级以上广播电视行政部门应设立视听节目监控系统、建立公众监督举报制度，加强对信息网络传播视听节目的监督管理。????持证机构应当为视听节目监控系统提供必要的信号接入条件。,服务监督
第二十条　持证机构应建立健全节目审查、安全播出的管理制度，实行节目总编负责制，配备节目审查员，对其播放的节目内容进行审查。,服务监督
第十四条 微博客服务提供者应当自觉接受社会监督，设置便捷的投诉举报入口，及时处理公众投诉举报。,服务监督
第十六条 微博客服务提供者应当遵守国家相关法律法规规定，配合有关部门开展监督管理执法工作，并提供必要的技术支持和协助。????微博客服务提供者应当记录微博客服务使用者日志信息，保存时间不少于六个月。,服务监督
第十五条 互联网用户公众账号信息服务提供者和使用者应当接受社会公众、行业组织监督。????互联网用户公众账号信息服务提供者应当设置便捷举报入口，健全投诉举报渠道，完善恶意举报甄别、举报受理反馈等机制，及时公正处理投诉举报。国家和地方互联网信息办公室依据职责，对举报受理落实情况进行监督检查。,服务监督
第十六条 互联网用户公众账号信息服务提供者和使用者应当配合有关主管部门依法进行的监督检查，并提供必要的技术支持和协助。????互联网用户公众账号信息服务提供者应当记录互联网用户公众账号信息服务使用者发布内容和日志信息，并按规定留存不少于六个月。,服务监督
第十条 跟帖评论服务提供者应当建立健全违法信息公众投诉举报制度，设置便捷投诉举报入口，及时受理和处置公众投诉举报。国家和地方互联网信息办公室依据职责，对举报受理落实情况进行监督检查。,服务监督
第十一条 互联网论坛社区服务提供者应当建立健全公众投诉、举报制度，在显著位置公布投诉、举报方式，主动接受公众监督，及时处理公众投诉、举报。国家和地方互联网信息办公室依据职责，对举报受理落实情况进行监督检查。,服务监督
第十六条 互联网直播服务提供者应当记录互联网直播服务使用者发布内容和日志信息，保存六十日。????互联网直播服务提供者应当配合有关部门依法进行的监督检查，并提供必要的文件、资料和数据。,服务监督
第十九条 互联网直播服务提供者应当自觉接受社会监督，健全社会投诉举报渠道，设置便捷的投诉举报入口，及时处理公众投诉举报。,服务监督
第十条 移动互联网应用程序提供者和互联网应用商店服务提供者应当配合有关部门依法进行的监督检查，自觉接受社会监督，设置便捷的投诉举报入口，及时处理公众投诉举报。,服务监督
互联网信息搜索服务提供者应当建立健全公众投诉、举报和用户权益保护制度，在显著位置公布投诉、举报方式，主动接受公众监督，及时处理公众投诉、举报，依法承担对用户权益造成损害的赔偿责任。,服务监督
　第二十八条　电子商务平台经营者应当按照规定向市场监督管理部门报送平台内经营者的身份信息，提示未办理市场主体登记的经营者依法办理登记，并配合市场监督管理部门，针对电子商务的特点，为应当办理市场主体登记的经营者办理登记提供便利。　　电子商务平台经营者应当依照税收征收管理法律、行政法规的规定，向税务部门报送平台内经营者的身份信息和与纳税有关的信息，并应当提示依照本法第十条规定不需要办理市场主体登记的电子商务经营者依照本法第十一条第二款的规定办理税务登记。,服务监督
第二十五条　国务院信息产业主管部门依照本法制定电子认证服务业的具体管理办法，对电子认证服务提供者依法实施监督管理。,服务监督
第二十八条文化行政部门应当建立互联网上网服务营业场所经营单位的经营活动信用监管制度，建立健全信用约束机制，并及时公布行政处罚信息。,服务监督
第三十八条　电信业务经营者应当建立健全内部服务质量管理制度，并可以制定并公布施行高于国家规定的电信服务标准的企业标准。????电信业务经营者应当采取各种形式广泛听取电信用户意见，接受社会监督，不断提高电信服务质量。,服务监督
　第十七条　公安机关计算机管理监察机构应当督促互联单位、接入单位及有关用户建立健全安全保护管理制度。监督、检查网络安全保护管理以及技术措施的落实情况。　　公安机关计算机管理监察机构在组织安全检查时，有关单位应当派人参加。公安机关计算机管理监察机构对安全检查发现的问题，应当提出改进意见，作出详细记录，存档备查。,服务监督
第十八条　公安机关计算机管理监察机构发现含有本办法第五条所列内容的地址、目录或者服务器时，应当通知有关单位关闭或者删除。,服务监督
第十六条　公安机关计算机管理监察机构应当掌握互联单位、接入单位和用户的备案情况，建立备案档案，进行备案统计，并按照国家有关规定逐级上报。,服务监督
第十九条　公安机关计算机管理监察机构应当负责追踪和查处通过计算机信息网络的违法行为和针对计算机信息网络的犯罪案件，对违反本办法第四条、第七条规定的违法犯罪行为，应当按照国家有关规定移送有关部门或者司法机关处理。,服务监督
第十八条 区块链信息服务提供者应当配合网信部门依法实施的监督检查，并提供必要的技术支持和协助。????区块链信息服务提供者应当接受社会监督，设置便捷的投诉举报入口，及时处理公众投诉举报。,服务监督
第四十条域名注册管理机构、域名注册服务机构应当配合国家有关部门依法开展的检查工作，并按照电信管理机构的要求对存在违法行为的域名采取停止解析等处置措施。　　域名注册管理机构、域名注册服务机构发现其提供服务的域名发布、传输法律和行政法规禁止发布或者传输的信息的，应当立即采取消除、停止解析等处置措施，防止信息扩散，保存有关记录，并向有关部门报告。,服务监督
第四十四条 电信管理机构应当加强对域名服务的监督检查。域名根服务器运行机构、域名注册管理机构、域名注册服务机构应当接受、配合电信管理机构的监督检查。　　鼓励域名服务行业自律管理，鼓励公众监督域名服务。,服务监督
第四十六条电信管理机构实施监督检查时，应当对域名根服务器运行机构、域名注册管理机构和域名注册服务机构报送的材料进行审核，并对其执行法律法规和电信管理机构有关规定的情况进行检查。　　电信管理机构可以委托第三方专业机构开展有关监督检查活动。,服务监督
第四十八条电信管理机构开展监督检查，不得妨碍域名根服务器运行机构、域名注册管理机构和域名注册服务机构正常的经营和服务活动，不得收取任何费用，不得泄露所知悉的域名注册信息。　,服务监督
第十七条　为了学习和研究软件内含的设计思想和原理，通过安装、显示、传输或者存储软件等方式使用软件的，可以不经软件著作权人许可，不向其支付报酬。,使用者要求
第三十四条　电信用户应当按照约定的时间和方式及时、足额地向电信业务经营者交纳电信费用；电信用户逾期不交纳电信费用的，电信业务经营者有权要求补交电信费用，并可以按照所欠费用每日加收3‰的违约金。????对超过收费约定期限30日仍不交纳电信费用的电信用户，电信业务经营者可以暂停向其提供电信服务。电信用户在电信业务经营者暂停服务60日内仍未补交电信费用和违约金的，电信业务经营者可以终止提供服务，并可以依法追缴欠费和违约金。????经营移动电信业务的经营者可以与电信用户约定交纳电信费用的期限、方式，不受前款规定期限的限制。????电信业务经营者应当在迟延交纳电信费用的电信用户补足电信费用、违约金后的48小时内，恢复暂停的电信服务。,使用者要求
第五十六条　任何组织或者个人不得利用电信网络制作、复制、发布、传播含有下列内容的信息：????（一）反对宪法所确定的基本原则的；????（二）危害国家安全，泄露国家秘密，颠覆国家政权，破坏国家统一的；????（三）损害国家荣誉和利益的；????（四）煽动民族仇恨、民族歧视，破坏民族团结的；????（五）破坏国家宗教政策，宣扬邪教和封建迷信的；????（六）散布谣言，扰乱社会秩序，破坏社会稳定的；????（七）散布淫秽、色情、赌博、暴力、凶杀、恐怖或者教唆犯罪的；????（八）侮辱或者诽谤他人，侵害他人合法权益的；????（九）含有法律、行政法规禁止的其他内容的。,使用者要求
第六十二条　使用电信网络传输信息的内容及其后果由电信用户负责。,使用者要求
第五条　任何单位和个人不得利用国际联网制作、复制、查阅和传播下列信息：　　(一)煽动抗拒、破坏宪法和法律、行政法规实施的；　　(二)煽动颠覆国家政权，推翻社会主义制度的；　　(三)煽动分裂国家、破坏国家统一的；　　(四)煽动民族仇恨、民族歧视，破坏民族团结的；　　(五)捏造或者歪曲事实，散布谣言，扰乱社会秩序的；　　(六)宣扬封建迷信、淫秽、色情、赌博、暴力、凶杀、恐怖，教唆犯罪的；　　(七)公然侮辱他人或者捏造事实诽谤他人的；　　(八)损害国家机关信誉的；　　(九)其他违反宪法和法律、行政法规的。,使用者要求
第十一条　用户在接入单位办理入网手续时，应当填写用户备案表。备案表由公安部监制。,使用者要求
第十二条　互联单位、接入单位、使用计算机信息网络国际联网的法人和其他组织(包括跨省、自治区、直辖市联网的单位和所属的分支机构)，应当自网络正式联通之日起三十日内，到所在地的省、自治区、直辖市人民政府公安机关指定的受理机关办理备案手续。　　前款所列单位应当负责将接入本网络的接入单位和用户情况报当地公安机关备案，并及时报告本网络中接入单位和用户的变更情况。,使用者要求
第十三条　使用公用帐号的注册者应当加强对公用帐号的管理，建立帐号使用登记制度。用户帐号不得转借、转让。,使用者要求
第十四条　涉及国家事务、经济建设、国防建设、尖端科学技术等重要领域的单位办理备案手续时，应当出具其行政主管部门的审批证明。前款所列单位的计算机信息网络与国际联网，应当采取相应的安全保护措施。,使用者要求
?第八条 微博客服务使用者申请前台实名认证账号的，应当提供与认证信息相符的有效证明材料。????境内具有组织机构特征的微博客服务使用者申请前台实名认证账号的，应当提供组织机构代码证、营业执照等有效证明材料。????境外组织和机构申请前台实名认证账号的，应当提供驻华机构出具的有效证明材料。,使用者要求
第十一条 互联网用户公众账号信息服务使用者不得通过公众账号发布法律法规和国家有关规定禁止的信息内容。?,使用者要求
?跟帖评论服务使用者应当严格自律，承诺遵守法律法规、尊重公序良俗，不得发布法律法规和国家有关规定禁止的信息内容。,使用者要求
第十条 互联网直播发布者发布新闻信息，应当真实准确、客观公正。转载新闻信息应当完整准确，不得歪曲新闻信息内容，并在显著位置注明来源，保证新闻信息来源可追溯。,使用者要求
用户在参与直播互动时，应当遵守法律法规，文明互动，理性表达。,使用者要求
互联网直播发布者在进行直播时，应当提供符合法律法规要求的直播内容，自觉维护直播活动秩序。????,使用者要求
互联网信息服务使用者注册账号时，应当与互联网信息服务提供者签订协议，承诺遵守法律法规、社会主义制度、国家利益、公民合法权益、公共秩序、社会道德风尚和信息真实性等七条底线。,使用者要求
第六条 任何机构或个人注册和使用的互联网用户账号名称，不得有下列情形：????（一）违反宪法或法律法规规定的；????（二）危害国家安全，泄露国家秘密，颠覆国家政权，破坏国家统一的；????（三）损害国家荣誉和利益的，损害公共利益的；????（四）煽动民族仇恨、民族歧视，破坏民族团结的；????（五）破坏国家宗教政策，宣扬邪教和封建迷信的；????（六）散布谣言，扰乱社会秩序，破坏社会稳定的；????（七）散布淫秽、色情、赌博、暴力、凶杀、恐怖或者教唆犯罪的；????（八）侮辱或者诽谤他人，侵害他人合法权益的；????（九）含有法律、行政法规禁止的其他内容的。,使用者要求
第七条 互联网信息服务使用者以虚假信息骗取账号名称注册，或其账号头像、简介等注册信息存在违法和不良信息的，互联网信息服务提供者应当采取通知限期改正、暂停使用、注销登记等措施。,使用者要求
?即时通信工具服务使用者注册账号时，应当与即时通信工具服务提供者签订协议，承诺遵守法律法规、社会主义制度、国家利益、公民合法权益、公共秩序、社会道德风尚和信息真实性等“七条底线”。,使用者要求
第七条　即时通信工具服务使用者为从事公众信息服务活动开设公众账号，应当经即时通信工具服务提供者审核，由即时通信工具服务提供者向互联网信息内容主管部门分类备案。????,使用者要求
新闻单位、新闻网站开设的公众账号可以发布、转载时政类新闻，取得互联网新闻信息服务资质的非新闻单位开设的公众账号可以转载时政类新闻。其他公众账号未经批准不得发布、转载时政类新闻。,使用者要求
第八条　即时通信工具服务使用者从事公众信息服务活动，应当遵守相关法律法规。????,使用者要求
????电信用户使用电信网络传输的信息属于国家秘密信息的，必须依照保守国家秘密法的规定采取保密措施。,使用者要求
　第十五条　电子签名人应当妥善保管电子签名制作数据。电子签名人知悉电子签名制作数据已经失密或者可能已经失密时，应当及时告知有关各方，并终止使用该电子签名制作数据。,使用者要求
第二十条　电子签名人向电子认证服务提供者申请电子签名认证证书，应当提供真实、完整和准确的信息。,使用者要求
第十六条　服务对象接到网络服务提供者转送的通知书后，认为其提供的作品、表演、录音录像制品未侵犯他人权利的，可以向网络服务提供者提交书面说明，要求恢复被删除的作品、表演、录音录像制品，或者恢复与被断开的作品、表演、录音录像制品的链接。书面说明应当包含下列内容：　　（一）服务对象的姓名（名称）、联系方式和地址；　　（二）要求恢复的作品、表演、录音录像制品的名称和网络地址；　　（三）不构成侵权的初步证明材料。　　服务对象应当对书面说明的真实性负责。,使用者要求
互联网上网服务营业场所的上网消费者，应当遵守有关法律、法规的规定，遵守社会公德，开展文明、健康的上网活动。,使用者要求
第十八条互联网上网服务营业场所经营单位和上网消费者不得利用网络游戏或者其他方式进行赌博或者变相赌博活动。,使用者要求
第十四条互联网上网服务营业场所经营单位和上网消费者不得利用互联网上网服务营业场所制作、下载、复制、查阅、发布、传播或者以其他方式使用含有下列内容的信息：　　(一)反对宪法确定的基本原则的；　　(二)危害国家统一、主权和领土完整的；　　(三)泄露国家秘密，危害国家安全或者损害国家荣誉和利益的；　　(四)煽动民族仇恨、民族歧视，破坏民族团结，或者侵害民族风俗、习惯的；　　(五)破坏国家宗教政策，宣扬邪教、迷信的；　　(六)散布谣言，扰乱社会秩序，破坏社会稳定的；　　(七)宣传淫秽、赌博、暴力或者教唆犯罪的；　　(八)侮辱或者诽谤他人，侵害他人合法权益的；　　(九)危害社会公德或者民族优秀文化传统的；　　(十)含有法律、行政法规禁止的其他内容的。,使用者要求
第十五条互联网上网服务营业场所经营单位和上网消费者不得进行下列危害信息网络安全的活动：　　(一)故意制作或者传播计算机病毒以及其他破坏性程序的；　　(二)非法侵入计算机信息系统或者破坏计算机信息系统功能、数据和应用程序的；　　(三)进行法律、行政法规禁止的其他活动的。,使用者要求
第二十九条　电信资源使用者依法取得电信网码号资源后，主导的电信业务经营者和其他有关单位有义务采取必要的技术措施，配合电信资源使用者实现其电信网码号资源的功能。????法律、行政法规对电信资源管理另有特别规定的，从其规定。,使用者要求
电信用户有权自主选择使用依法开办的各类电信业务。,使用者要求
第五十七条　任何组织或者个人不得有下列危害电信网络安全和信息安全的行为：????（一）对电信网的功能或者存储、处理、传输的数据和应用程序进行删除或者修改；????（二）利用电信网从事窃取或者破坏他人信息、损害他人合法权益的活动；????（三）故意制作、复制、传播计算机病毒或者以其他方式攻击他人电信网络等电信设施；????（四）危害电信网络安全和信息安全的其他行为。,使用者要求
第四条　任何单位和个人不得利用国际联网危害国家安全、泄露国家秘密，不得侵犯国家的、社会的、集体的利益和公民的合法权益，不得从事违法犯罪活动。,使用者要求
第六条　任何单位和个人不得从事下列危害计算机信息网络安全的活动：　　(一)未经允许，进入计算机信息网络或者使用计算机信息网络资源的；　　(二)未经允许，对计算机信息网络功能进行删除、修改或者增加的；　　(三)未经允许，对计算机信息网络中存储、处理或者传输的数据和应用程序进行删除、修改或者增加的；　　(四)故意制作、传播计算机病毒等破坏性程序的；　　(五)其他危害计算机信息网络安全的。,使用者要求
　第七条　用户的通信自由和通信秘密受法律保护。任何单位和个人不得违反法律规定，利用国际联网侵犯用户的通信自由和通信秘密。,使用者要求
第一条 为了规范区块链信息服务活动，维护国家安全和社会公共利益，保护公民、法人和其他组织的合法权益，促进区块链技术及相关服务的健康发展，根据《中华人民共和国网络安全法》《互联网信息服务管理办法》和《国务院关于授权国家互联网信息办公室负责互联网信息内容管理工作的通知》，制定本规定。,法规目的
第一条 为加强互联网信息内容管理，促进互联网新闻信息服务健康有序发展，根据《中华人民共和国网络安全法》《互联网信息服务管理办法》《国务院关于授权国家互联网信息办公室负责互联网信息内容管理工作的通知》，制定本规定。,法规目的
第一条　为了规范网络出版服务秩序，促进网络出版服务业健康有序发展，根据《出版管理条例》、《互联网信息服务管理办法》及相关法律法规，制定本规定。,法规目的
第一条　为了保护电信和互联网用户的合法权益，维护网络信息安全，根据《全国人民代表大会常务委员会关于加强网络信息保护的决定》、《中华人民共和国电信条例》和《互联网信息服务管理办法》等法律、行政法规，制定本规定。,法规目的
第一条　为了规范互联网信息服务市场秩序，保护互联网信息服务提供者和用户的合法权益，促进互联网行业的健康发展，根据《中华人民共和国电信条例》、《互联网信息服务管理办法》等法律、行政法规的规定，制定本规定。,法规目的
?第一条　为了加强对互联网文化的管理，保障互联网文化单位的合法权益，促进我国互联网文化健康、有序地发展，根据《全国人民代表大会常务委员会关于维护互联网安全的决定》和《互联网信息服务管理办法》以及国家法律法规有关规定，制定本规定。,法规目的
第一条　为维护国家利益和公共利益，保护公众和互联网视听节目服务单位的合法权益，规范互联网视听节目服务秩序，促进健康有序发展，根据国家有关规定，制定本规定。,法规目的
为规范互联网等信息网络传播视听节目秩序，加强监督管理，促进社会主义精神文明建设，制定本办法。,法规目的
第一条 为促进微博客信息服务健康有序发展，保护公民、法人和其他组织的合法权益，维护国家安全和公共利益，根据《中华人民共和国网络安全法》《国务院关于授权国家互联网信息办公室负责互联网信息内容管理工作的通知》，制定本规定。,法规目的
